grid_id_visited,customer_Identifier,traffic_type,traffic_amount
1007,234,callout,3.5
1007,234,callout,3.5
10000,46,internet,10.0
10000,46,internet,10.0
1014,40,callin,3.5
1019,40,callin,3.5
1008,421,internet,10.0
10000,221,callin,3.5
10000,221,callin,3.5
101,0,smsin,5.0
101,0,smsin,5.0
101,0,smsin,5.0
101,0,smsin,5.0
101,0,smsin,5.0
101,0,smsin,5.0
101,0,smsin,5.0
101,0,smsin,5.0
101,0,smsin,5.0
101,0,smsin,5.0
101,0,smsin,5.0
101,0,smsin,5.0
101,0,smsin,5.0
101,0,smsin,5.0
101,0,smsin,5.0
101,0,smsin,5.0
101,0,smsin,5.0
101,0,smsin,5.0
101,0,smsin,5.0
101,0,smsin,5.0
1,39,smsout,5.0
1,39,smsout,5.0
1005,385,smsin,5.0
1000,44,internet,10.0
1000,44,internet,10.0
1002,63,callout,3.5
1001,0,smsin,5.0
1001,0,smsin,5.0
1001,0,smsin,5.0
1001,0,smsin,5.0
1001,0,smsin,5.0
1001,0,smsin,5.0
1001,0,smsin,5.0
1001,0,smsin,5.0
1001,0,smsin,5.0
1001,0,smsin,5.0
1001,0,smsin,5.0
1001,0,smsin,5.0
1001,0,smsin,5.0
1001,0,smsin,5.0
1001,0,smsin,5.0
1001,0,smsin,5.0
1001,0,smsin,5.0
1001,0,smsin,5.0
1001,0,smsin,5.0
1001,0,smsin,5.0
1001,0,smsin,5.0
1001,0,smsin,5.0
1001,0,smsin,5.0
1013,1,smsin,5.0
1013,1,smsin,5.0
10000,49,internet,10.0
1018,880,callout,3.5
1,48,callin,3.5
1013,44,callin,3.5
1009,0,smsin,5.0
1009,0,smsin,5.0
1009,0,smsin,5.0
1009,0,smsin,5.0
1009,0,smsin,5.0
1009,0,smsin,5.0
1009,0,smsin,5.0
1009,0,smsin,5.0
1009,0,smsin,5.0
1009,0,smsin,5.0
1009,0,smsin,5.0
1009,0,smsin,5.0
1009,0,smsin,5.0
1009,0,smsin,5.0
1009,0,smsin,5.0
1009,0,smsin,5.0
1009,0,smsin,5.0
1009,0,smsin,5.0
1009,0,smsin,5.0
1009,0,smsin,5.0
1009,0,smsin,5.0
1009,0,smsin,5.0
1009,0,smsin,5.0
1009,0,smsin,5.0
1009,0,smsin,5.0
1009,0,smsin,5.0
1009,0,smsin,5.0
1009,0,smsin,5.0
1005,41,callout,3.5
1002,88239,internet,10.0
10,40,callout,3.5
10,34,callin,3.5
1016,34,smsin,5.0
1005,94,callout,3.5
1017,34,callout,3.5
1012,46,internet,10.0
1012,46,internet,10.0
1012,46,internet,10.0
1012,46,internet,10.0
1012,46,internet,10.0
1012,46,internet,10.0
1012,46,internet,10.0
100,212,callout,3.5
1000,20,callout,3.5
1000,20,callout,3.5
1000,20,callout,3.5
1000,20,callout,3.5
1000,20,callout,3.5
1002,41,callin,3.5
1015,0,callin,3.5
1002,852,callin,3.5
10,46,internet,10.0
10,46,internet,10.0
1000,44,smsin,5.0
10,33,smsin,5.0
1,7,smsout,5.0
1011,0,smsin,5.0
1011,0,smsin,5.0
1011,0,smsin,5.0
1011,0,smsin,5.0
1011,0,smsin,5.0
1011,0,smsin,5.0
1011,0,smsin,5.0
1011,0,smsin,5.0
1011,0,smsin,5.0
1011,0,smsin,5.0
1011,0,smsin,5.0
1011,0,smsin,5.0
1011,0,smsin,5.0
1011,0,smsin,5.0
1011,0,smsin,5.0
1011,0,smsin,5.0
1011,0,smsin,5.0
1011,0,smsin,5.0
1011,0,smsin,5.0
1011,0,smsin,5.0
1011,0,smsin,5.0
1011,0,smsin,5.0
1005,43,internet,10.0
1005,43,internet,10.0
1005,43,internet,10.0
1005,43,internet,10.0
1005,43,internet,10.0
1003,33,internet,10.0
1003,33,internet,10.0
1003,33,internet,10.0
1003,33,internet,10.0
1006,40,smsin,5.0
1019,49,smsin,5.0
1014,353,internet,10.0
101,20,callout,3.5
101,20,callout,3.5
1017,1514,smsout,5.0
100,33,internet,10.0
100,33,internet,10.0
100,33,internet,10.0
100,33,internet,10.0
100,33,internet,10.0
100,33,internet,10.0
100,33,internet,10.0
100,33,internet,10.0
100,33,internet,10.0
100,33,internet,10.0
100,33,internet,10.0
100,33,internet,10.0
100,33,internet,10.0
100,33,internet,10.0
100,33,internet,10.0
100,33,internet,10.0
1018,33,callout,3.5
1012,88239,internet,10.0
1007,234,callin,3.5
10,39,callout,3.5
1008,31,internet,10.0
1008,32,internet,10.0
1008,32,internet,10.0
1008,32,internet,10.0
1015,39,smsin,5.0
1015,39,smsin,5.0
1015,39,smsin,5.0
1015,39,smsin,5.0
1015,39,smsin,5.0
1015,39,smsin,5.0
1015,39,smsin,5.0
1015,39,smsin,5.0
1015,39,smsin,5.0
1015,39,smsin,5.0
1015,39,smsin,5.0
1015,39,smsin,5.0
1015,39,smsin,5.0
1015,39,smsin,5.0
1015,39,smsin,5.0
1015,39,smsin,5.0
1015,39,smsin,5.0
1015,39,smsin,5.0
1015,39,smsin,5.0
1015,39,smsin,5.0
1015,39,smsin,5.0
1015,39,smsin,5.0
1015,39,smsin,5.0
1015,39,smsin,5.0
1015,39,smsin,5.0
1015,39,smsin,5.0
1015,39,smsin,5.0
1015,39,smsin,5.0
1015,39,smsin,5.0
1015,39,smsin,5.0
1015,39,smsin,5.0
1015,39,smsin,5.0
1015,39,smsin,5.0
1015,39,smsin,5.0
1015,39,smsin,5.0
102,46,internet,10.0
102,46,internet,10.0
102,46,internet,10.0
102,46,internet,10.0
102,46,internet,10.0
102,46,internet,10.0
102,46,internet,10.0
102,46,internet,10.0
102,46,internet,10.0
1015,359,callin,3.5
1011,39,smsout,5.0
1011,39,smsout,5.0
1006,40,callin,3.5
1019,353,smsin,5.0
1015,34,callout,3.5
1000,39,smsout,5.0
1000,39,smsout,5.0
1000,39,smsout,5.0
1000,39,smsout,5.0
10,359,smsout,5.0
1,212,callout,3.5
1006,353,callin,3.5
1003,1,smsin,5.0
1015,32,smsin,5.0
10000,39,smsin,5.0
10000,39,smsin,5.0
10000,39,smsin,5.0
10000,39,smsin,5.0
10000,39,smsin,5.0
10000,39,smsin,5.0
10000,39,smsin,5.0
10000,39,smsin,5.0
10000,39,smsin,5.0
10000,39,smsin,5.0
10000,39,smsin,5.0
10000,39,smsin,5.0
10000,39,smsin,5.0
10000,39,smsin,5.0
10000,39,smsin,5.0
10000,39,smsin,5.0
10000,39,smsin,5.0
10000,39,smsin,5.0
10000,39,smsin,5.0
10000,39,smsin,5.0
10000,39,smsin,5.0
10000,39,smsin,5.0
10000,39,smsin,5.0
10000,39,smsin,5.0
10000,39,smsin,5.0
10000,39,smsin,5.0
10000,39,smsin,5.0
10,45,callin,3.5
1010,63,callin,3.5
101,44,smsout,5.0
1006,233,callout,3.5
1005,44,callin,3.5
1019,880,callout,3.5
1010,1,smsin,5.0
1010,1,smsin,5.0
1007,43,smsin,5.0
1011,40,callout,3.5
1011,40,callout,3.5
1011,40,callout,3.5
1018,94,callout,3.5
10000,33,smsin,5.0
1000,55,callin,3.5
1006,44,callin,3.5
1004,0,smsin,5.0
1004,0,smsin,5.0
1004,0,smsin,5.0
1004,0,smsin,5.0
1004,0,smsin,5.0
1004,0,smsin,5.0
1004,0,smsin,5.0
1004,0,smsin,5.0
1004,0,smsin,5.0
1004,0,smsin,5.0
1004,0,smsin,5.0
1004,0,smsin,5.0
1004,0,smsin,5.0
1004,0,smsin,5.0
1004,0,smsin,5.0
1004,0,smsin,5.0
1004,0,smsin,5.0
1004,0,smsin,5.0
1004,0,smsin,5.0
1004,0,smsin,5.0
1004,0,smsin,5.0
1004,0,smsin,5.0
1004,0,smsin,5.0
1004,0,smsin,5.0
1004,0,smsin,5.0
1004,0,smsin,5.0
1004,0,smsin,5.0
1019,20,callout,3.5
102,234,callout,3.5
1008,92,callout,3.5
1009,0,callout,3.5
1009,0,callout,3.5
1007,44,callin,3.5
1007,44,callin,3.5
102,256,callin,3.5
1001,39,smsin,5.0
1001,39,smsin,5.0
1001,39,smsin,5.0
1001,39,smsin,5.0
1001,39,smsin,5.0
1001,39,smsin,5.0
1001,39,smsin,5.0
1001,39,smsin,5.0
1001,39,smsin,5.0
1001,39,smsin,5.0
1001,39,smsin,5.0
1001,39,smsin,5.0
1001,39,smsin,5.0
1001,39,smsin,5.0
1001,39,smsin,5.0
1001,39,smsin,5.0
1001,39,smsin,5.0
1001,39,smsin,5.0
1001,39,smsin,5.0
1001,39,smsin,5.0
1001,39,smsin,5.0
1001,39,smsin,5.0
1001,39,smsin,5.0
1001,39,smsin,5.0
1001,39,smsin,5.0
1001,39,smsin,5.0
1001,39,smsin,5.0
1001,39,smsin,5.0
1001,39,smsin,5.0
1001,39,smsin,5.0
1001,39,smsin,5.0
1001,39,smsin,5.0
1001,39,smsin,5.0
1000,1,callout,3.5
1006,1,smsin,5.0
1006,1,smsin,5.0
1013,353,callin,3.5
1005,852,callin,3.5
1,0,smsin,5.0
1,0,smsin,5.0
1,0,smsin,5.0
1,0,smsin,5.0
1,0,smsin,5.0
1,0,smsin,5.0
1,0,smsin,5.0
1,0,smsin,5.0
1,0,smsin,5.0
1,0,smsin,5.0
1,0,smsin,5.0
1,0,smsin,5.0
1,0,smsin,5.0
1,0,smsin,5.0
1,0,smsin,5.0
1,0,smsin,5.0
1,0,smsin,5.0
1,0,smsin,5.0
1,0,smsin,5.0
1,0,smsin,5.0
1,0,smsin,5.0
1,0,smsin,5.0
1,0,smsin,5.0
1,0,smsin,5.0
1,0,smsin,5.0
1,0,smsin,5.0
1,0,smsin,5.0
1,0,smsin,5.0
1,0,smsin,5.0
1,0,smsin,5.0
1,0,smsin,5.0
1,0,smsin,5.0
1,0,smsin,5.0
1,0,smsin,5.0
1,0,smsin,5.0
1,0,smsin,5.0
1006,0,smsin,5.0
1006,0,smsin,5.0
1006,0,smsin,5.0
1006,0,smsin,5.0
1006,0,smsin,5.0
1006,0,smsin,5.0
1006,0,smsin,5.0
1006,0,smsin,5.0
1006,0,smsin,5.0
1006,0,smsin,5.0
1006,0,smsin,5.0
1006,0,smsin,5.0
1006,0,smsin,5.0
1006,0,smsin,5.0
1006,0,smsin,5.0
1006,0,smsin,5.0
1006,0,smsin,5.0
1006,0,smsin,5.0
1006,0,smsin,5.0
1006,0,smsin,5.0
1006,0,smsin,5.0
1006,0,smsin,5.0
1006,0,smsin,5.0
1006,0,smsin,5.0
1006,0,smsin,5.0
1006,0,smsin,5.0
1006,0,smsin,5.0
1006,0,smsin,5.0
1006,0,smsin,5.0
1006,0,smsin,5.0
1006,0,smsin,5.0
1006,0,smsin,5.0
100,41,internet,10.0
100,41,internet,10.0
100,41,internet,10.0
100,41,internet,10.0
1005,352,smsin,5.0
1018,49,internet,10.0
1004,53,smsin,5.0
1010,353,callin,3.5
1018,31,smsin,5.0
1007,49,callin,3.5
1006,55,internet,10.0
1007,353,callin,3.5
1005,39,smsin,5.0
1005,39,smsin,5.0
1005,39,smsin,5.0
1005,39,smsin,5.0
1005,39,smsin,5.0
1005,39,smsin,5.0
1005,39,smsin,5.0
1005,39,smsin,5.0
1005,39,smsin,5.0
1005,39,smsin,5.0
1005,39,smsin,5.0
1005,39,smsin,5.0
1005,39,smsin,5.0
1005,39,smsin,5.0
1005,39,smsin,5.0
1005,39,smsin,5.0
1005,39,smsin,5.0
1005,39,smsin,5.0
1005,39,smsin,5.0
1005,39,smsin,5.0
1005,39,smsin,5.0
1005,39,smsin,5.0
1005,39,smsin,5.0
1005,39,smsin,5.0
1005,39,smsin,5.0
1005,39,smsin,5.0
1005,39,smsin,5.0
1005,39,smsin,5.0
1005,39,smsin,5.0
1005,39,smsin,5.0
1005,39,smsin,5.0
1005,39,smsin,5.0
1005,39,smsin,5.0
1005,39,smsin,5.0
1005,39,smsin,5.0
1005,39,smsin,5.0
1005,39,smsin,5.0
1005,39,smsin,5.0
1005,39,smsin,5.0
1004,1,smsin,5.0
1008,351,internet,10.0
1011,1,smsin,5.0
1011,1,smsin,5.0
1010,46,internet,10.0
1010,46,internet,10.0
1010,46,internet,10.0
1010,46,internet,10.0
1010,46,internet,10.0
1010,46,internet,10.0
101,355,callout,3.5
101,355,callout,3.5
1017,20,callout,3.5
10,39,internet,10.0
1005,86,smsin,5.0
1014,33,internet,10.0
1000,355,smsin,5.0
1019,39,smsin,5.0
1019,39,smsin,5.0
1019,39,smsin,5.0
1019,39,smsin,5.0
1019,39,smsin,5.0
1019,39,smsin,5.0
1019,39,smsin,5.0
1019,39,smsin,5.0
1019,39,smsin,5.0
1019,39,smsin,5.0
1019,39,smsin,5.0
1019,39,smsin,5.0
1019,39,smsin,5.0
1019,39,smsin,5.0
1019,39,smsin,5.0
1019,39,smsin,5.0
1019,39,smsin,5.0
1019,39,smsin,5.0
1019,39,smsin,5.0
1019,39,smsin,5.0
1019,39,smsin,5.0
1019,39,smsin,5.0
1019,39,smsin,5.0
1019,39,smsin,5.0
1019,39,smsin,5.0
1019,39,smsin,5.0
1019,39,smsin,5.0
1019,39,smsin,5.0
1019,39,smsin,5.0
1019,39,smsin,5.0
1013,53,smsin,5.0
1001,39,internet,10.0
1008,34,smsin,5.0
1018,49,smsin,5.0
100,43,smsin,5.0
1002,353,smsin,5.0
1018,41,smsin,5.0
10,33,internet,10.0
1008,234,callin,3.5
1010,40,callin,3.5
1,49,callout,3.5
1000,39,callin,3.5
1006,94,callout,3.5
1004,20,callout,3.5
1000,39,smsin,5.0
1000,39,smsin,5.0
1000,39,smsin,5.0
1000,39,smsin,5.0
1000,39,smsin,5.0
1000,39,smsin,5.0
1000,39,smsin,5.0
1000,39,smsin,5.0
1000,39,smsin,5.0
1000,39,smsin,5.0
1000,39,smsin,5.0
1000,39,smsin,5.0
1000,39,smsin,5.0
1000,39,smsin,5.0
1000,39,smsin,5.0
1000,39,smsin,5.0
1000,39,smsin,5.0
1000,39,smsin,5.0
1000,39,smsin,5.0
1000,39,smsin,5.0
1000,39,smsin,5.0
1000,39,smsin,5.0
1000,39,smsin,5.0
1000,39,smsin,5.0
1000,39,smsin,5.0
1000,39,smsin,5.0
1000,39,smsin,5.0
1000,39,smsin,5.0
1000,39,smsin,5.0
1000,39,smsin,5.0
1005,36,internet,10.0
1005,381,smsin,5.0
1011,39,smsin,5.0
1011,39,smsin,5.0
1011,39,smsin,5.0
1011,39,smsin,5.0
1011,39,smsin,5.0
1011,39,smsin,5.0
1011,39,smsin,5.0
1011,39,smsin,5.0
1011,39,smsin,5.0
1011,39,smsin,5.0
1011,39,smsin,5.0
1011,39,smsin,5.0
1011,39,smsin,5.0
1011,39,smsin,5.0
1011,39,smsin,5.0
1011,39,smsin,5.0
1011,39,smsin,5.0
1011,39,smsin,5.0
1011,39,smsin,5.0
1011,39,smsin,5.0
1011,39,smsin,5.0
1011,39,smsin,5.0
1011,39,smsin,5.0
1011,39,smsin,5.0
1011,39,smsin,5.0
1011,39,smsin,5.0
1011,39,smsin,5.0
1011,39,smsin,5.0
1011,39,smsin,5.0
1011,39,smsin,5.0
1011,39,smsin,5.0
1011,39,smsin,5.0
1011,39,smsin,5.0
1011,39,smsin,5.0
1011,39,smsin,5.0
10,359,smsin,5.0
1008,41,internet,10.0
1010,53,callin,3.5
1003,212,callout,3.5
100,48,internet,10.0
1000,40,callout,3.5
101,44,callout,3.5
1007,353,smsin,5.0
1017,46,internet,10.0
1017,46,internet,10.0
1017,46,internet,10.0
1017,46,internet,10.0
1017,46,internet,10.0
1017,46,internet,10.0
1017,46,internet,10.0
1017,46,internet,10.0
102,61,callout,3.5
1006,1514,smsout,5.0
1012,53,smsin,5.0
10,0,smsin,5.0
10,0,smsin,5.0
10,0,smsin,5.0
10,0,smsin,5.0
10,0,smsin,5.0
10,0,smsin,5.0
10,0,smsin,5.0
10,0,smsin,5.0
10,0,smsin,5.0
10,0,smsin,5.0
10,0,smsin,5.0
10,0,smsin,5.0
10,0,smsin,5.0
10,0,smsin,5.0
10,0,smsin,5.0
10,0,smsin,5.0
10,0,smsin,5.0
10,0,smsin,5.0
10,0,smsin,5.0
10,0,smsin,5.0
10,0,smsin,5.0
10,0,smsin,5.0
10,0,smsin,5.0
10,0,smsin,5.0
10,0,smsin,5.0
10,0,smsin,5.0
10,0,smsin,5.0
10,0,smsin,5.0
10,0,smsin,5.0
1014,353,callin,3.5
1009,39,smsin,5.0
1009,39,smsin,5.0
1009,39,smsin,5.0
1009,39,smsin,5.0
1009,39,smsin,5.0
1009,39,smsin,5.0
1009,39,smsin,5.0
1009,39,smsin,5.0
1009,39,smsin,5.0
1009,39,smsin,5.0
1009,39,smsin,5.0
1009,39,smsin,5.0
1009,39,smsin,5.0
1009,39,smsin,5.0
1009,39,smsin,5.0
1009,39,smsin,5.0
1009,39,smsin,5.0
1009,39,smsin,5.0
1009,39,smsin,5.0
1009,39,smsin,5.0
1009,39,smsin,5.0
1009,39,smsin,5.0
1009,39,smsin,5.0
1009,39,smsin,5.0
1009,39,smsin,5.0
1009,39,smsin,5.0
1009,39,smsin,5.0
1009,39,smsin,5.0
1009,39,smsin,5.0
1009,39,smsin,5.0
1009,39,smsin,5.0
1009,39,smsin,5.0
1009,39,smsin,5.0
1009,39,smsin,5.0
1009,39,smsin,5.0
1009,39,smsin,5.0
1016,44,internet,10.0
1008,34,callout,3.5
101,40,smsout,5.0
1018,32,internet,10.0
100,373,callout,3.5
1015,1,smsin,5.0
1015,1,smsin,5.0
1006,44,smsin,5.0
10000,221,smsin,5.0
1005,41,callin,3.5
1019,39,smsout,5.0
1019,39,smsout,5.0
1019,39,smsout,5.0
1019,39,smsout,5.0
1019,39,smsout,5.0
100,44,smsout,5.0
1000,234,internet,10.0
1000,49,smsin,5.0
1018,33,internet,10.0
1,49,internet,10.0
1017,32,smsin,5.0
1005,0,smsin,5.0
1005,0,smsin,5.0
1005,0,smsin,5.0
1005,0,smsin,5.0
1005,0,smsin,5.0
1005,0,smsin,5.0
1005,0,smsin,5.0
1005,0,smsin,5.0
1005,0,smsin,5.0
1005,0,smsin,5.0
1005,0,smsin,5.0
1005,0,smsin,5.0
1005,0,smsin,5.0
1005,0,smsin,5.0
1005,0,smsin,5.0
1005,0,smsin,5.0
1005,0,smsin,5.0
1005,0,smsin,5.0
1005,0,smsin,5.0
1005,0,smsin,5.0
1005,0,smsin,5.0
1005,0,smsin,5.0
1005,0,smsin,5.0
1005,0,smsin,5.0
1005,0,smsin,5.0
1005,0,smsin,5.0
1005,0,smsin,5.0
1005,0,smsin,5.0
1005,0,smsin,5.0
1005,0,smsin,5.0
1005,0,smsin,5.0
1005,0,smsin,5.0
1005,0,smsin,5.0
1005,0,smsin,5.0
1005,0,smsin,5.0
1005,41,internet,10.0
1005,41,internet,10.0
1005,41,internet,10.0
1017,33,internet,10.0
1017,33,internet,10.0
1013,39,smsout,5.0
1013,39,smsout,5.0
1013,39,smsout,5.0
1006,48,smsout,5.0
1008,98,smsin,5.0
1015,39,smsout,5.0
1015,39,smsout,5.0
1015,39,smsout,5.0
1015,39,smsout,5.0
1004,233,callout,3.5
1014,39,smsout,5.0
1014,39,smsout,5.0
1014,39,smsout,5.0
1014,39,smsout,5.0
1006,33,smsout,5.0
1008,34,callin,3.5
1008,53,callin,3.5
10000,20,smsin,5.0
101,39,smsout,5.0
1018,0,callout,3.5
1005,34,internet,10.0
1014,0,smsin,5.0
1014,0,smsin,5.0
1014,0,smsin,5.0
1014,0,smsin,5.0
1014,0,smsin,5.0
1014,0,smsin,5.0
1014,0,smsin,5.0
1014,0,smsin,5.0
1014,0,smsin,5.0
1014,0,smsin,5.0
1014,0,smsin,5.0
1014,0,smsin,5.0
1014,0,smsin,5.0
1014,0,smsin,5.0
1014,0,smsin,5.0
1014,0,smsin,5.0
1014,0,smsin,5.0
1014,0,smsin,5.0
1014,0,smsin,5.0
1014,0,smsin,5.0
1014,0,smsin,5.0
1014,0,smsin,5.0
1014,0,smsin,5.0
1014,0,smsin,5.0
1014,0,smsin,5.0
1018,0,smsin,5.0
1018,0,smsin,5.0
1018,0,smsin,5.0
1018,0,smsin,5.0
1018,0,smsin,5.0
1018,0,smsin,5.0
1018,0,smsin,5.0
1018,0,smsin,5.0
1018,0,smsin,5.0
1018,0,smsin,5.0
1018,0,smsin,5.0
1018,0,smsin,5.0
1018,0,smsin,5.0
1018,0,smsin,5.0
1018,0,smsin,5.0
1018,0,smsin,5.0
1018,0,smsin,5.0
1018,0,smsin,5.0
1018,0,smsin,5.0
1018,0,smsin,5.0
1018,0,smsin,5.0
1018,0,smsin,5.0
1018,0,smsin,5.0
1018,0,smsin,5.0
1000,593,callin,3.5
102,40,smsin,5.0
102,40,smsin,5.0
102,40,smsin,5.0
1008,351,callin,3.5
1004,49,internet,10.0
1000,34,callin,3.5
1006,7,callin,3.5
102,41,smsin,5.0
1007,0,smsin,5.0
1007,0,smsin,5.0
1007,0,smsin,5.0
1007,0,smsin,5.0
1007,0,smsin,5.0
1007,0,smsin,5.0
1007,0,smsin,5.0
1007,0,smsin,5.0
1007,0,smsin,5.0
1007,0,smsin,5.0
1007,0,smsin,5.0
1007,0,smsin,5.0
1007,0,smsin,5.0
1007,0,smsin,5.0
1007,0,smsin,5.0
1007,0,smsin,5.0
1007,0,smsin,5.0
1007,0,smsin,5.0
1007,0,smsin,5.0
1007,0,smsin,5.0
1007,0,smsin,5.0
1007,0,smsin,5.0
1007,0,smsin,5.0
1007,0,smsin,5.0
1007,0,smsin,5.0
1002,53,smsin,5.0
1018,353,callin,3.5
1005,46,internet,10.0
1005,46,internet,10.0
1005,46,internet,10.0
1005,46,internet,10.0
1005,46,internet,10.0
1005,46,internet,10.0
1005,46,internet,10.0
1005,46,internet,10.0
1005,46,internet,10.0
1005,46,internet,10.0
1005,46,internet,10.0
1006,39,smsin,5.0
1006,39,smsin,5.0
1006,39,smsin,5.0
1006,39,smsin,5.0
1006,39,smsin,5.0
1006,39,smsin,5.0
1006,39,smsin,5.0
1006,39,smsin,5.0
1006,39,smsin,5.0
1006,39,smsin,5.0
1006,39,smsin,5.0
1006,39,smsin,5.0
1006,39,smsin,5.0
1006,39,smsin,5.0
1006,39,smsin,5.0
1006,39,smsin,5.0
1006,39,smsin,5.0
1006,39,smsin,5.0
1006,39,smsin,5.0
1006,39,smsin,5.0
1006,39,smsin,5.0
1006,39,smsin,5.0
1006,39,smsin,5.0
1006,39,smsin,5.0
1006,39,smsin,5.0
1006,39,smsin,5.0
1006,39,smsin,5.0
1006,39,smsin,5.0
1006,39,smsin,5.0
1006,39,smsin,5.0
1006,39,smsin,5.0
1006,39,smsin,5.0
1006,39,smsin,5.0
1006,39,smsin,5.0
1006,39,smsin,5.0
1006,39,smsin,5.0
1006,39,smsin,5.0
1006,39,smsin,5.0
101,48,callin,3.5
1000,216,smsin,5.0
1018,20,smsin,5.0
1005,373,smsin,5.0
10000,356,smsout,5.0
100,39,smsin,5.0
100,39,smsin,5.0
100,39,smsin,5.0
100,39,smsin,5.0
100,39,smsin,5.0
100,39,smsin,5.0
100,39,smsin,5.0
100,39,smsin,5.0
100,39,smsin,5.0
100,39,smsin,5.0
100,39,smsin,5.0
100,39,smsin,5.0
100,39,smsin,5.0
100,39,smsin,5.0
100,39,smsin,5.0
100,39,smsin,5.0
100,39,smsin,5.0
100,39,smsin,5.0
100,39,smsin,5.0
100,39,smsin,5.0
100,39,smsin,5.0
100,39,smsin,5.0
100,39,smsin,5.0
100,39,smsin,5.0
100,39,smsin,5.0
100,39,smsin,5.0
100,39,smsin,5.0
100,39,smsin,5.0
100,39,smsin,5.0
100,39,smsin,5.0
100,39,smsin,5.0
100,39,smsin,5.0
100,39,smsin,5.0
100,39,smsin,5.0
100,216,callin,3.5
1004,39,smsout,5.0
1004,39,smsout,5.0
1006,88239,internet,10.0
1007,351,callin,3.5
1007,351,callin,3.5
1006,33,internet,10.0
1006,33,internet,10.0
1006,33,internet,10.0
102,44,smsout,5.0
1011,0,callout,3.5
1011,0,callout,3.5
1008,380,callout,3.5
1008,380,callout,3.5
1007,380,callout,3.5
1007,63,smsin,5.0
1013,53,callout,3.5
1015,53,callout,3.5
1000,7,smsout,5.0
1007,7,callin,3.5
1016,0,callout,3.5
1008,49,internet,10.0
1008,49,internet,10.0
1008,49,internet,10.0
1008,49,internet,10.0
1008,49,internet,10.0
1004,44,callin,3.5
1005,212,callout,3.5
10,39,smsout,5.0
10,39,smsout,5.0
101,355,callin,3.5
1000,82,callin,3.5
1014,1514,smsout,5.0
10000,41,internet,10.0
1010,53,smsin,5.0
1005,1514,smsout,5.0
1005,355,callin,3.5
1007,39,smsin,5.0
1007,39,smsin,5.0
1007,39,smsin,5.0
1007,39,smsin,5.0
1007,39,smsin,5.0
1007,39,smsin,5.0
1007,39,smsin,5.0
1007,39,smsin,5.0
1007,39,smsin,5.0
1007,39,smsin,5.0
1007,39,smsin,5.0
1007,39,smsin,5.0
1007,39,smsin,5.0
1007,39,smsin,5.0
1007,39,smsin,5.0
1007,39,smsin,5.0
1007,39,smsin,5.0
1007,39,smsin,5.0
1007,39,smsin,5.0
1007,39,smsin,5.0
1007,39,smsin,5.0
1007,39,smsin,5.0
1007,39,smsin,5.0
1007,39,smsin,5.0
1007,39,smsin,5.0
1007,39,smsin,5.0
1007,39,smsin,5.0
1007,39,smsin,5.0
1007,39,smsin,5.0
1007,39,smsin,5.0
1007,39,smsin,5.0
1007,39,smsin,5.0
1007,39,smsin,5.0
1007,39,smsin,5.0
1007,39,smsin,5.0
1007,39,smsin,5.0
100,34,internet,10.0
100,34,internet,10.0
10000,355,callout,3.5
1012,0,callout,3.5
1010,0,callout,3.5
1002,41,smsin,5.0
1002,41,smsin,5.0
100,20,smsin,5.0
1006,20,callout,3.5
10000,0,smsin,5.0
10000,0,smsin,5.0
10000,0,smsin,5.0
10000,0,smsin,5.0
10000,0,smsin,5.0
10000,0,smsin,5.0
10000,0,smsin,5.0
10000,0,smsin,5.0
10000,0,smsin,5.0
10000,0,smsin,5.0
10000,0,smsin,5.0
10000,0,smsin,5.0
10000,0,smsin,5.0
10000,0,smsin,5.0
10000,0,smsin,5.0
10000,0,smsin,5.0
10000,0,smsin,5.0
10000,0,smsin,5.0
10000,0,smsin,5.0
10000,0,smsin,5.0
10000,0,smsin,5.0
10000,0,smsin,5.0
10000,0,smsin,5.0
10000,0,smsin,5.0
10000,0,smsin,5.0
10000,0,smsin,5.0
10000,0,smsin,5.0
1014,27,smsin,5.0
1017,40,callout,3.5
1017,40,callout,3.5
1017,40,callout,3.5
1017,40,callout,3.5
1014,63,callout,3.5
1007,18099,smsin,5.0
10000,43,smsin,5.0
1007,33,internet,10.0
1007,33,internet,10.0
1007,33,internet,10.0
1008,34,internet,10.0
1000,216,callout,3.5
101,39,smsin,5.0
101,39,smsin,5.0
101,39,smsin,5.0
101,39,smsin,5.0
101,39,smsin,5.0
101,39,smsin,5.0
101,39,smsin,5.0
101,39,smsin,5.0
101,39,smsin,5.0
101,39,smsin,5.0
101,39,smsin,5.0
101,39,smsin,5.0
101,39,smsin,5.0
101,39,smsin,5.0
101,39,smsin,5.0
101,39,smsin,5.0
101,39,smsin,5.0
101,39,smsin,5.0
101,39,smsin,5.0
101,39,smsin,5.0
101,39,smsin,5.0
101,39,smsin,5.0
101,39,smsin,5.0
101,39,smsin,5.0
101,39,smsin,5.0
101,39,smsin,5.0
101,39,smsin,5.0
101,39,smsin,5.0
101,39,smsin,5.0
101,39,smsin,5.0
101,39,smsin,5.0
101,39,smsin,5.0
101,39,smsin,5.0
101,39,smsin,5.0
101,39,smsin,5.0
101,39,smsin,5.0
10000,34,smsout,5.0
101,33,internet,10.0
101,33,internet,10.0
1016,0,smsin,5.0
1016,0,smsin,5.0
1016,0,smsin,5.0
1016,0,smsin,5.0
1016,0,smsin,5.0
1016,0,smsin,5.0
1016,0,smsin,5.0
1016,0,smsin,5.0
1016,0,smsin,5.0
1016,0,smsin,5.0
1016,0,smsin,5.0
1016,0,smsin,5.0
1016,0,smsin,5.0
1016,0,smsin,5.0
1016,0,smsin,5.0
1016,0,smsin,5.0
1016,0,smsin,5.0
1016,0,smsin,5.0
1016,0,smsin,5.0
1016,0,smsin,5.0
1016,0,smsin,5.0
1016,0,smsin,5.0
1016,0,smsin,5.0
1016,0,smsin,5.0
1016,0,smsin,5.0
1016,0,smsin,5.0
1016,0,smsin,5.0
1016,0,smsin,5.0
1018,46,internet,10.0
1018,34,smsin,5.0
1016,46,internet,10.0
1016,46,internet,10.0
1016,46,internet,10.0
1016,46,internet,10.0
1016,46,internet,10.0
1016,46,internet,10.0
1016,373,callout,3.5
1006,34,callin,3.5
100,47,internet,10.0
1,380,callout,3.5
1008,7,internet,10.0
102,40,smsout,5.0
1006,41,internet,10.0
1006,41,internet,10.0
1006,41,internet,10.0
1006,41,internet,10.0
1006,41,internet,10.0
1002,46,internet,10.0
1002,46,internet,10.0
1002,46,internet,10.0
1002,46,internet,10.0
1002,46,internet,10.0
1002,46,internet,10.0
1002,46,internet,10.0
1002,46,internet,10.0
1019,41,internet,10.0
1019,41,internet,10.0
1003,0,smsin,5.0
1003,0,smsin,5.0
1003,0,smsin,5.0
1003,0,smsin,5.0
1003,0,smsin,5.0
1003,0,smsin,5.0
1003,0,smsin,5.0
1003,0,smsin,5.0
1003,0,smsin,5.0
1003,0,smsin,5.0
1003,0,smsin,5.0
1003,0,smsin,5.0
1003,0,smsin,5.0
1003,0,smsin,5.0
1003,0,smsin,5.0
1003,0,smsin,5.0
1003,0,smsin,5.0
1003,0,smsin,5.0
1003,0,smsin,5.0
1003,0,smsin,5.0
1003,0,smsin,5.0
1003,0,smsin,5.0
1003,0,smsin,5.0
1008,39,smsin,5.0
1008,39,smsin,5.0
1008,39,smsin,5.0
1008,39,smsin,5.0
1008,39,smsin,5.0
1008,39,smsin,5.0
1008,39,smsin,5.0
1008,39,smsin,5.0
1008,39,smsin,5.0
1008,39,smsin,5.0
1008,39,smsin,5.0
1008,39,smsin,5.0
1008,39,smsin,5.0
1008,39,smsin,5.0
1008,39,smsin,5.0
1008,39,smsin,5.0
1008,39,smsin,5.0
1008,39,smsin,5.0
1008,39,smsin,5.0
1008,39,smsin,5.0
1008,39,smsin,5.0
1008,39,smsin,5.0
1008,39,smsin,5.0
1008,39,smsin,5.0
1008,39,smsin,5.0
1008,39,smsin,5.0
1008,39,smsin,5.0
1008,39,smsin,5.0
1008,39,smsin,5.0
1008,39,smsin,5.0
1008,39,smsin,5.0
1008,39,smsin,5.0
1008,39,smsin,5.0
1008,39,smsin,5.0
1008,39,smsin,5.0
1008,63,smsin,5.0
1008,63,smsin,5.0
1013,0,callout,3.5
1013,0,callout,3.5
1005,44,smsin,5.0
1008,39,smsout,5.0
1008,39,smsout,5.0
1009,44,smsout,5.0
1008,32,smsin,5.0
1008,32,smsin,5.0
1015,1,internet,10.0
1,41,smsin,5.0
1012,39,smsout,5.0
1012,39,smsout,5.0
1012,39,smsout,5.0
1012,39,smsout,5.0
10000,0,callout,3.5
1012,33,internet,10.0
1,357,smsin,5.0
1008,44,smsin,5.0
1006,82,callin,3.5
100,34,smsin,5.0
1005,880,callout,3.5
1005,880,callout,3.5
1007,32,internet,10.0
1007,32,internet,10.0
1009,1,smsin,5.0
1009,1,smsin,5.0
1003,39,smsin,5.0
1003,39,smsin,5.0
1003,39,smsin,5.0
1003,39,smsin,5.0
1003,39,smsin,5.0
1003,39,smsin,5.0
1003,39,smsin,5.0
1003,39,smsin,5.0
1003,39,smsin,5.0
1003,39,smsin,5.0
1003,39,smsin,5.0
1003,39,smsin,5.0
1003,39,smsin,5.0
1003,39,smsin,5.0
1003,39,smsin,5.0
1003,39,smsin,5.0
1003,39,smsin,5.0
1003,39,smsin,5.0
1003,39,smsin,5.0
1003,39,smsin,5.0
1003,39,smsin,5.0
1003,39,smsin,5.0
1003,39,smsin,5.0
1003,39,smsin,5.0
1003,39,smsin,5.0
1003,39,smsin,5.0
1003,39,smsin,5.0
1003,39,smsin,5.0
1003,39,smsin,5.0
1003,39,smsin,5.0
1003,39,smsin,5.0
1011,32,internet,10.0
1007,39,smsout,5.0
1007,39,smsout,5.0
10000,46,smsout,5.0
1005,40,smsin,5.0
1005,48,internet,10.0
1008,43,smsin,5.0
100,48,smsout,5.0
1012,32,internet,10.0
10000,48,callout,3.5
1008,44,callin,3.5
1016,20,callout,3.5
1016,20,callout,3.5
1002,40,callout,3.5
1002,40,callout,3.5
1002,40,callout,3.5
1002,40,callout,3.5
1000,41,internet,10.0
1000,41,internet,10.0
1011,53,callin,3.5
1006,32,smsin,5.0
1015,0,callout,3.5
1016,353,internet,10.0
1002,41,internet,10.0
1002,41,internet,10.0
1002,41,internet,10.0
1002,41,internet,10.0
100,46,internet,10.0
100,46,internet,10.0
100,46,internet,10.0
100,46,internet,10.0
1001,233,callout,3.5
1000,48,internet,10.0
1008,20,smsin,5.0
1008,20,smsin,5.0
1006,34,internet,10.0
1015,88239,internet,10.0
102,20,smsin,5.0
101,41,callin,3.5
1016,44,smsout,5.0
1006,46,internet,10.0
1006,46,internet,10.0
1006,46,internet,10.0
1006,46,internet,10.0
1006,46,internet,10.0
1006,46,internet,10.0
1006,46,internet,10.0
1006,46,internet,10.0
1006,46,internet,10.0
1007,47,callin,3.5
1007,46,internet,10.0
1007,46,internet,10.0
1007,46,internet,10.0
1007,46,internet,10.0
1007,46,internet,10.0
1007,46,internet,10.0
1007,46,internet,10.0
1007,46,internet,10.0
1007,46,internet,10.0
1007,46,internet,10.0
1007,46,internet,10.0
1007,46,internet,10.0
1007,46,internet,10.0
1007,46,internet,10.0
1007,46,internet,10.0
1007,46,internet,10.0
1007,46,internet,10.0
1015,40,callout,3.5
1015,40,callout,3.5
1002,420,internet,10.0
100,82,internet,10.0
10000,41,callin,3.5
10,355,callout,3.5
100,49,internet,10.0
100,49,internet,10.0
100,49,internet,10.0
100,49,internet,10.0
1006,0,callout,3.5
1003,39,smsout,5.0
1003,39,smsout,5.0
1003,39,smsout,5.0
1003,39,smsout,5.0
1000,371,callin,3.5
10000,233,callout,3.5
10000,233,callout,3.5
1000,49,internet,10.0
1000,49,internet,10.0
1016,39,smsin,5.0
1016,39,smsin,5.0
1016,39,smsin,5.0
1016,39,smsin,5.0
1016,39,smsin,5.0
1016,39,smsin,5.0
1016,39,smsin,5.0
1016,39,smsin,5.0
1016,39,smsin,5.0
1016,39,smsin,5.0
1016,39,smsin,5.0
1016,39,smsin,5.0
1016,39,smsin,5.0
1016,39,smsin,5.0
1016,39,smsin,5.0
1016,39,smsin,5.0
1016,39,smsin,5.0
1016,39,smsin,5.0
1016,39,smsin,5.0
1016,39,smsin,5.0
1016,39,smsin,5.0
1016,39,smsin,5.0
1016,39,smsin,5.0
1016,39,smsin,5.0
1016,39,smsin,5.0
1016,39,smsin,5.0
1016,39,smsin,5.0
1016,39,smsin,5.0
1016,39,smsin,5.0
1016,39,smsin,5.0
1016,39,smsin,5.0
1016,39,smsin,5.0
1016,39,smsin,5.0
1016,39,smsin,5.0
1016,39,smsin,5.0
1016,39,smsin,5.0
1016,39,smsin,5.0
1016,39,smsin,5.0
1008,40,smsin,5.0
1006,41,callin,3.5
1006,41,callin,3.5
1013,33,internet,10.0
10000,964,callin,3.5
1012,353,callin,3.5
1007,91,callout,3.5
100,352,smsin,5.0
1002,1,smsin,5.0
100,44,internet,10.0
10000,212,callout,3.5
10000,221,callout,3.5
10000,221,callout,3.5
10000,221,callout,3.5
1008,86,smsin,5.0
100,852,smsin,5.0
100,47,callout,3.5
1000,91,callout,3.5
1008,94,callout,3.5
1018,39,smsout,5.0
1018,39,smsout,5.0
1018,39,smsout,5.0
1018,39,smsout,5.0
1013,0,smsin,5.0
1013,0,smsin,5.0
1013,0,smsin,5.0
1013,0,smsin,5.0
1013,0,smsin,5.0
1013,0,smsin,5.0
1013,0,smsin,5.0
1013,0,smsin,5.0
1013,0,smsin,5.0
1013,0,smsin,5.0
1013,0,smsin,5.0
1013,0,smsin,5.0
1013,0,smsin,5.0
1013,0,smsin,5.0
1013,0,smsin,5.0
1013,0,smsin,5.0
1013,0,smsin,5.0
1013,0,smsin,5.0
1013,0,smsin,5.0
1013,0,smsin,5.0
1013,0,smsin,5.0
1013,0,smsin,5.0
1013,0,smsin,5.0
1013,0,smsin,5.0
1013,0,smsin,5.0
1013,0,smsin,5.0
1013,0,smsin,5.0
1002,353,callin,3.5
1010,40,callout,3.5
1010,40,callout,3.5
1008,221,callout,3.5
10000,39,smsout,5.0
10000,39,smsout,5.0
10000,39,smsout,5.0
10000,39,smsout,5.0
1015,49,smsout,5.0
1004,0,callout,3.5
1,44,callout,3.5
1007,53,smsin,5.0
1019,0,smsin,5.0
1019,0,smsin,5.0
1019,0,smsin,5.0
1019,0,smsin,5.0
1019,0,smsin,5.0
1019,0,smsin,5.0
1019,0,smsin,5.0
1019,0,smsin,5.0
1019,0,smsin,5.0
1019,0,smsin,5.0
1019,0,smsin,5.0
1019,0,smsin,5.0
1019,0,smsin,5.0
1019,0,smsin,5.0
1019,0,smsin,5.0
1019,0,smsin,5.0
1019,0,smsin,5.0
1019,0,smsin,5.0
1019,0,smsin,5.0
1019,0,smsin,5.0
1019,0,smsin,5.0
1019,0,smsin,5.0
1019,0,smsin,5.0
1019,0,smsin,5.0
1019,0,smsin,5.0
1019,0,smsin,5.0
1019,0,smsin,5.0
1019,0,smsin,5.0
1019,0,smsin,5.0
1002,33,internet,10.0
1002,33,internet,10.0
1,420,smsin,5.0
1011,46,internet,10.0
1011,46,internet,10.0
1011,46,internet,10.0
1011,46,internet,10.0
1011,46,internet,10.0
1011,46,internet,10.0
1011,46,internet,10.0
1011,46,internet,10.0
1010,44,smsout,5.0
1014,32,smsin,5.0
100,420,internet,10.0
1015,0,smsin,5.0
1015,0,smsin,5.0
1015,0,smsin,5.0
1015,0,smsin,5.0
1015,0,smsin,5.0
1015,0,smsin,5.0
1015,0,smsin,5.0
1015,0,smsin,5.0
1015,0,smsin,5.0
1015,0,smsin,5.0
1015,0,smsin,5.0
1015,0,smsin,5.0
1015,0,smsin,5.0
1015,0,smsin,5.0
1015,0,smsin,5.0
1015,0,smsin,5.0
1015,0,smsin,5.0
1015,0,smsin,5.0
1015,0,smsin,5.0
1015,0,smsin,5.0
1015,0,smsin,5.0
1015,0,smsin,5.0
1015,0,smsin,5.0
1015,0,smsin,5.0
10,44,callout,3.5
1007,20,callout,3.5
10,39,smsin,5.0
10,39,smsin,5.0
10,39,smsin,5.0
10,39,smsin,5.0
10,39,smsin,5.0
10,39,smsin,5.0
10,39,smsin,5.0
10,39,smsin,5.0
10,39,smsin,5.0
10,39,smsin,5.0
10,39,smsin,5.0
10,39,smsin,5.0
10,39,smsin,5.0
10,39,smsin,5.0
10,39,smsin,5.0
10,39,smsin,5.0
10,39,smsin,5.0
10,39,smsin,5.0
10,39,smsin,5.0
10,39,smsin,5.0
10,39,smsin,5.0
10,39,smsin,5.0
10,39,smsin,5.0
10,39,smsin,5.0
10,39,smsin,5.0
10,39,smsin,5.0
10,39,smsin,5.0
10,39,smsin,5.0
10,39,smsin,5.0
10,39,smsin,5.0
10,39,smsin,5.0
10,39,smsin,5.0
10,39,smsin,5.0
10,39,smsin,5.0
10,39,smsin,5.0
1018,421,callout,3.5
1013,32,smsin,5.0
1009,353,callin,3.5
1007,44,internet,10.0
1,355,callout,3.5
102,352,callin,3.5
1012,40,callout,3.5
1012,40,callout,3.5
1012,40,callout,3.5
1005,63,callout,3.5
1010,353,smsout,5.0
1004,41,smsin,5.0
10000,216,callout,3.5
1016,86,callout,3.5
1005,380,callout,3.5
1005,380,callout,3.5
1017,0,smsin,5.0
1017,0,smsin,5.0
1017,0,smsin,5.0
1017,0,smsin,5.0
1017,0,smsin,5.0
1017,0,smsin,5.0
1017,0,smsin,5.0
1017,0,smsin,5.0
1017,0,smsin,5.0
1017,0,smsin,5.0
1017,0,smsin,5.0
1017,0,smsin,5.0
1017,0,smsin,5.0
1017,0,smsin,5.0
1017,0,smsin,5.0
1017,0,smsin,5.0
1017,0,smsin,5.0
1017,0,smsin,5.0
1017,0,smsin,5.0
1017,0,smsin,5.0
1017,0,smsin,5.0
1017,0,smsin,5.0
1017,0,smsin,5.0
1017,0,smsin,5.0
1017,0,smsin,5.0
1017,0,smsin,5.0
1017,0,smsin,5.0
1017,0,smsin,5.0
1002,0,callout,3.5
101,49,internet,10.0
1000,234,callin,3.5
101,380,callout,3.5
1000,221,callout,3.5
1000,221,callout,3.5
1014,40,callout,3.5
1014,40,callout,3.5
1014,0,callout,3.5
1006,43,smsin,5.0
1006,49,callout,3.5
1016,43,internet,10.0
1015,353,internet,10.0
101,40,smsin,5.0
101,40,smsin,5.0
101,40,smsin,5.0
101,40,smsin,5.0
102,39,smsin,5.0
102,39,smsin,5.0
102,39,smsin,5.0
102,39,smsin,5.0
102,39,smsin,5.0
102,39,smsin,5.0
102,39,smsin,5.0
102,39,smsin,5.0
102,39,smsin,5.0
102,39,smsin,5.0
102,39,smsin,5.0
102,39,smsin,5.0
102,39,smsin,5.0
102,39,smsin,5.0
102,39,smsin,5.0
102,39,smsin,5.0
102,39,smsin,5.0
102,39,smsin,5.0
102,39,smsin,5.0
102,39,smsin,5.0
102,39,smsin,5.0
102,39,smsin,5.0
102,39,smsin,5.0
101,1,smsin,5.0
1007,1,smsin,5.0
1007,92,callout,3.5
1,40,callout,3.5
1005,420,internet,10.0
1005,41,smsin,5.0
1005,41,smsin,5.0
1008,49,callin,3.5
101,46,internet,10.0
101,46,internet,10.0
1008,44,internet,10.0
1002,43,smsin,5.0
1000,41,smsin,5.0
101,359,smsin,5.0
1010,33,internet,10.0
1010,33,internet,10.0
1,20,callout,3.5
1008,234,callout,3.5
1008,234,callout,3.5
10,357,smsin,5.0
1003,46,internet,10.0
101,357,smsin,5.0
1005,33,smsin,5.0
1007,593,callout,3.5
1007,593,callout,3.5
100,41,callin,3.5
1003,41,callin,3.5
1016,40,callout,3.5
1016,40,callout,3.5
1016,40,callout,3.5
1016,40,callout,3.5
1016,40,callout,3.5
1,48,smsout,5.0
1008,20,callout,3.5
1008,20,callout,3.5
10000,355,callin,3.5
1005,44,internet,10.0
1015,44,smsin,5.0
1011,33,internet,10.0
1011,33,internet,10.0
1008,40,callout,3.5
1008,40,callout,3.5
1008,40,callout,3.5
1008,40,callout,3.5
1005,1,smsin,5.0
1005,1,smsin,5.0
1009,39,smsout,5.0
1009,39,smsout,5.0
1009,39,smsout,5.0
10000,387,smsin,5.0
1005,353,smsin,5.0
1005,353,smsin,5.0
1005,353,smsin,5.0
1005,353,smsin,5.0
100,40,internet,10.0
1015,33,internet,10.0
1015,33,internet,10.0
1015,33,internet,10.0
1007,33,smsin,5.0
100,1,internet,10.0
100,1,internet,10.0
100,1,internet,10.0
1009,33,internet,10.0
1017,39,smsout,5.0
1017,39,smsout,5.0
1017,39,smsout,5.0
1017,39,smsout,5.0
1006,41,smsout,5.0
1006,41,smsout,5.0
1014,46,internet,10.0
1014,46,internet,10.0
1014,46,internet,10.0
1014,46,internet,10.0
1014,46,internet,10.0
1014,46,internet,10.0
1014,46,internet,10.0
1014,46,internet,10.0
1014,46,internet,10.0
1017,40,callin,3.5
1011,44,smsout,5.0
100,380,smsin,5.0
10000,880,callout,3.5
1008,46,internet,10.0
1008,46,internet,10.0
1008,46,internet,10.0
1008,46,internet,10.0
1008,46,internet,10.0
1008,46,internet,10.0
1008,46,internet,10.0
1008,46,internet,10.0
1008,46,internet,10.0
1008,46,internet,10.0
1008,46,internet,10.0
1008,46,internet,10.0
1008,46,internet,10.0
1008,46,internet,10.0
1008,46,internet,10.0
1018,39,smsin,5.0
1018,39,smsin,5.0
1018,39,smsin,5.0
1018,39,smsin,5.0
1018,39,smsin,5.0
1018,39,smsin,5.0
1018,39,smsin,5.0
1018,39,smsin,5.0
1018,39,smsin,5.0
1018,39,smsin,5.0
1018,39,smsin,5.0
1018,39,smsin,5.0
1018,39,smsin,5.0
1018,39,smsin,5.0
1018,39,smsin,5.0
1018,39,smsin,5.0
1018,39,smsin,5.0
1018,39,smsin,5.0
1018,39,smsin,5.0
1018,39,smsin,5.0
1018,39,smsin,5.0
1018,39,smsin,5.0
1018,39,smsin,5.0
1018,39,smsin,5.0
1018,39,smsin,5.0
1018,39,smsin,5.0
1018,39,smsin,5.0
1018,39,smsin,5.0
1002,212,callout,3.5
100,48,smsin,5.0
100,48,smsin,5.0
1011,353,smsout,5.0
102,49,internet,10.0
1008,233,callout,3.5
1013,46,internet,10.0
1013,46,internet,10.0
1013,46,internet,10.0
1013,46,internet,10.0
1013,46,internet,10.0
1013,46,internet,10.0
1013,46,internet,10.0
1013,46,internet,10.0
1017,39,smsin,5.0
1017,39,smsin,5.0
1017,39,smsin,5.0
1017,39,smsin,5.0
1017,39,smsin,5.0
1017,39,smsin,5.0
1017,39,smsin,5.0
1017,39,smsin,5.0
1017,39,smsin,5.0
1017,39,smsin,5.0
1017,39,smsin,5.0
1017,39,smsin,5.0
1017,39,smsin,5.0
1017,39,smsin,5.0
1017,39,smsin,5.0
1017,39,smsin,5.0
1017,39,smsin,5.0
1017,39,smsin,5.0
1017,39,smsin,5.0
1017,39,smsin,5.0
1017,39,smsin,5.0
1017,39,smsin,5.0
1017,39,smsin,5.0
1017,39,smsin,5.0
1017,39,smsin,5.0
1017,39,smsin,5.0
1017,39,smsin,5.0
1017,39,smsin,5.0
1017,39,smsin,5.0
1017,39,smsin,5.0
1017,39,smsin,5.0
1017,39,smsin,5.0
102,86,callin,3.5
100,33,callin,3.5
1016,880,callout,3.5
100,212,callin,3.5
1015,63,callout,3.5
1008,1,smsin,5.0
1008,1,smsin,5.0
101,49,callout,3.5
1005,41,smsout,5.0
1005,41,smsout,5.0
10,20,callout,3.5
1010,39,smsout,5.0
1010,39,smsout,5.0
1010,39,smsout,5.0
1010,39,smsout,5.0
1006,212,callout,3.5
1004,46,internet,10.0
1004,46,internet,10.0
1004,46,internet,10.0
1004,46,internet,10.0
1004,46,internet,10.0
1004,46,internet,10.0
1004,46,internet,10.0
1004,46,internet,10.0
1004,46,internet,10.0
1004,46,internet,10.0
1004,46,internet,10.0
1016,375,smsin,5.0
102,355,callout,3.5
1002,39,smsin,5.0
1002,39,smsin,5.0
1002,39,smsin,5.0
1002,39,smsin,5.0
1002,39,smsin,5.0
1002,39,smsin,5.0
1002,39,smsin,5.0
1002,39,smsin,5.0
1002,39,smsin,5.0
1002,39,smsin,5.0
1002,39,smsin,5.0
1002,39,smsin,5.0
1002,39,smsin,5.0
1002,39,smsin,5.0
1002,39,smsin,5.0
1002,39,smsin,5.0
1002,39,smsin,5.0
1002,39,smsin,5.0
1002,39,smsin,5.0
1002,39,smsin,5.0
1002,39,smsin,5.0
1002,39,smsin,5.0
1002,39,smsin,5.0
1002,39,smsin,5.0
1002,39,smsin,5.0
1002,39,smsin,5.0
1002,39,smsin,5.0
1002,39,smsin,5.0
1002,39,smsin,5.0
1002,39,smsin,5.0
1002,39,smsin,5.0
1002,39,smsin,5.0
1002,39,smsin,5.0
1002,39,smsin,5.0
1002,39,smsin,5.0
1002,39,smsin,5.0
1002,39,smsin,5.0
1002,39,smsin,5.0
1014,39,smsin,5.0
1014,39,smsin,5.0
1014,39,smsin,5.0
1014,39,smsin,5.0
1014,39,smsin,5.0
1014,39,smsin,5.0
1014,39,smsin,5.0
1014,39,smsin,5.0
1014,39,smsin,5.0
1014,39,smsin,5.0
1014,39,smsin,5.0
1014,39,smsin,5.0
1014,39,smsin,5.0
1014,39,smsin,5.0
1014,39,smsin,5.0
1014,39,smsin,5.0
1014,39,smsin,5.0
1014,39,smsin,5.0
1014,39,smsin,5.0
1014,39,smsin,5.0
1014,39,smsin,5.0
1014,39,smsin,5.0
1014,39,smsin,5.0
1014,39,smsin,5.0
1014,39,smsin,5.0
1014,39,smsin,5.0
1014,39,smsin,5.0
1014,39,smsin,5.0
1014,39,smsin,5.0
1014,39,smsin,5.0
1014,39,smsin,5.0
1010,44,smsin,5.0
1012,0,smsin,5.0
1012,0,smsin,5.0
1012,0,smsin,5.0
1012,0,smsin,5.0
1012,0,smsin,5.0
1012,0,smsin,5.0
1012,0,smsin,5.0
1012,0,smsin,5.0
1012,0,smsin,5.0
1012,0,smsin,5.0
1012,0,smsin,5.0
1012,0,smsin,5.0
1012,0,smsin,5.0
1012,0,smsin,5.0
1012,0,smsin,5.0
1012,0,smsin,5.0
1012,0,smsin,5.0
1012,0,smsin,5.0
1012,0,smsin,5.0
1012,0,smsin,5.0
1012,0,smsin,5.0
1012,0,smsin,5.0
1012,0,smsin,5.0
1012,0,smsin,5.0
1012,0,smsin,5.0
1012,0,smsin,5.0
1012,0,smsin,5.0
1017,0,callout,3.5
102,380,callout,3.5
100,34,smsout,5.0
1,46,internet,10.0
1,46,internet,10.0
1,46,internet,10.0
1007,234,smsin,5.0
1007,234,smsin,5.0
1000,0,smsin,5.0
1000,0,smsin,5.0
1000,0,smsin,5.0
1000,0,smsin,5.0
1000,0,smsin,5.0
1000,0,smsin,5.0
1000,0,smsin,5.0
1000,0,smsin,5.0
1000,0,smsin,5.0
1000,0,smsin,5.0
1000,0,smsin,5.0
1000,0,smsin,5.0
1000,0,smsin,5.0
1000,0,smsin,5.0
1000,0,smsin,5.0
1000,0,smsin,5.0
1000,0,smsin,5.0
1000,0,smsin,5.0
1000,0,smsin,5.0
1000,0,smsin,5.0
1000,0,smsin,5.0
1000,0,smsin,5.0
1000,0,smsin,5.0
1000,0,smsin,5.0
1000,0,smsin,5.0
1000,0,smsin,5.0
1000,0,smsin,5.0
1000,0,smsin,5.0
1000,0,smsin,5.0
1018,1,callin,3.5
1000,40,smsout,5.0
1008,88239,internet,10.0
1008,88239,internet,10.0
1005,7,smsout,5.0
1008,86,callout,3.5
1019,94,callout,3.5
1008,880,callout,3.5
10000,359,callin,3.5
101,41,smsin,5.0
1005,32,smsin,5.0
100,94,smsin,5.0
1017,353,internet,10.0
1003,41,smsin,5.0
1014,880,callout,3.5
100,48,callin,3.5
100,48,callin,3.5
100,48,callin,3.5
100,48,callin,3.5
10,48,callin,3.5
1003,1,internet,10.0
1008,971,smsin,5.0
102,20,callout,3.5
102,20,callout,3.5
1002,41,smsout,5.0
1000,371,smsin,5.0
1002,353,internet,10.0
1003,36,internet,10.0
102,421,callout,3.5
1019,421,callout,3.5
1016,31,callout,3.5
1008,353,callin,3.5
1003,32,internet,10.0
1003,32,internet,10.0
102,212,callin,3.5
1017,880,callout,3.5
1006,41,smsin,5.0
1006,41,smsin,5.0
1006,41,smsin,5.0
1006,41,smsin,5.0
1006,41,smsin,5.0
1004,39,smsin,5.0
1004,39,smsin,5.0
1004,39,smsin,5.0
1004,39,smsin,5.0
1004,39,smsin,5.0
1004,39,smsin,5.0
1004,39,smsin,5.0
1004,39,smsin,5.0
1004,39,smsin,5.0
1004,39,smsin,5.0
1004,39,smsin,5.0
1004,39,smsin,5.0
1004,39,smsin,5.0
1004,39,smsin,5.0
1004,39,smsin,5.0
1004,39,smsin,5.0
1004,39,smsin,5.0
1004,39,smsin,5.0
1004,39,smsin,5.0
1004,39,smsin,5.0
1004,39,smsin,5.0
1004,39,smsin,5.0
1004,39,smsin,5.0
1004,39,smsin,5.0
1004,39,smsin,5.0
1004,39,smsin,5.0
1004,39,smsin,5.0
1004,39,smsin,5.0
1004,39,smsin,5.0
1004,39,smsin,5.0
1004,39,smsin,5.0
1004,39,smsin,5.0
1004,39,smsin,5.0
1004,39,smsin,5.0
1004,39,smsin,5.0
1004,39,smsin,5.0
1004,39,smsin,5.0
1004,39,smsin,5.0
1007,41,smsin,5.0
1,33,smsin,5.0
1006,353,internet,10.0
1018,1,smsin,5.0
1002,49,internet,10.0
1002,49,internet,10.0
1002,49,internet,10.0
1005,49,internet,10.0
1005,49,internet,10.0
1005,49,internet,10.0
1005,49,internet,10.0
1005,49,internet,10.0
1005,49,internet,10.0
1005,49,internet,10.0
1005,49,internet,10.0
1005,49,internet,10.0
1005,49,internet,10.0
1010,63,callout,3.5
1017,353,callin,3.5
1007,88239,internet,10.0
1006,34,callout,3.5
1006,7,smsout,5.0
1,0,callout,3.5
1008,353,internet,10.0
1019,41,callin,3.5
1018,41,internet,10.0
1018,41,internet,10.0
1016,39,smsout,5.0
1002,55,internet,10.0
1010,0,smsin,5.0
1010,0,smsin,5.0
1010,0,smsin,5.0
1010,0,smsin,5.0
1010,0,smsin,5.0
1010,0,smsin,5.0
1010,0,smsin,5.0
1010,0,smsin,5.0
1010,0,smsin,5.0
1010,0,smsin,5.0
1010,0,smsin,5.0
1010,0,smsin,5.0
1010,0,smsin,5.0
1010,0,smsin,5.0
1010,0,smsin,5.0
1010,0,smsin,5.0
1010,0,smsin,5.0
1010,0,smsin,5.0
1010,0,smsin,5.0
1010,0,smsin,5.0
1010,0,smsin,5.0
1010,0,smsin,5.0
1010,0,smsin,5.0
1010,0,smsin,5.0
1010,0,smsin,5.0
1010,0,smsin,5.0
1010,0,smsin,5.0
1010,0,smsin,5.0
1,370,smsin,5.0
1013,39,smsin,5.0
1013,39,smsin,5.0
1013,39,smsin,5.0
1013,39,smsin,5.0
1013,39,smsin,5.0
1013,39,smsin,5.0
1013,39,smsin,5.0
1013,39,smsin,5.0
1013,39,smsin,5.0
1013,39,smsin,5.0
1013,39,smsin,5.0
1013,39,smsin,5.0
1013,39,smsin,5.0
1013,39,smsin,5.0
1013,39,smsin,5.0
1013,39,smsin,5.0
1013,39,smsin,5.0
1013,39,smsin,5.0
1013,39,smsin,5.0
1013,39,smsin,5.0
1013,39,smsin,5.0
1013,39,smsin,5.0
1013,39,smsin,5.0
1013,39,smsin,5.0
1013,39,smsin,5.0
1013,39,smsin,5.0
1013,39,smsin,5.0
1013,39,smsin,5.0
1013,39,smsin,5.0
1013,39,smsin,5.0
1013,39,smsin,5.0
1013,39,smsin,5.0
1010,39,smsin,5.0
1010,39,smsin,5.0
1010,39,smsin,5.0
1010,39,smsin,5.0
1010,39,smsin,5.0
1010,39,smsin,5.0
1010,39,smsin,5.0
1010,39,smsin,5.0
1010,39,smsin,5.0
1010,39,smsin,5.0
1010,39,smsin,5.0
1010,39,smsin,5.0
1010,39,smsin,5.0
1010,39,smsin,5.0
1010,39,smsin,5.0
1010,39,smsin,5.0
1010,39,smsin,5.0
1010,39,smsin,5.0
1010,39,smsin,5.0
1010,39,smsin,5.0
1010,39,smsin,5.0
1010,39,smsin,5.0
1010,39,smsin,5.0
1010,39,smsin,5.0
1010,39,smsin,5.0
1010,39,smsin,5.0
1010,39,smsin,5.0
1010,39,smsin,5.0
1010,39,smsin,5.0
1010,39,smsin,5.0
1010,39,smsin,5.0
1010,39,smsin,5.0
1010,39,smsin,5.0
10000,88239,internet,10.0
1019,44,callout,3.5
1000,32,internet,10.0
100,420,callin,3.5
1000,39,internet,10.0
1000,39,internet,10.0
100,32,internet,10.0
102,33,smsin,5.0
1008,33,internet,10.0
1008,33,internet,10.0
1008,33,internet,10.0
1008,33,internet,10.0
1016,1,smsin,5.0
1016,1,smsin,5.0
1003,36,smsout,5.0
1006,39,smsout,5.0
1004,20,smsin,5.0
1002,33,smsin,5.0
1005,34,smsin,5.0
1008,234,smsin,5.0
1016,49,internet,10.0
1016,49,internet,10.0
1016,49,internet,10.0
10000,375,smsout,5.0
1008,385,callout,3.5
1009,88239,internet,10.0
1003,20,smsin,5.0
1008,49,smsin,5.0
1009,53,callin,3.5
1017,53,callout,3.5
100,48,callout,3.5
1004,40,callout,3.5
1004,40,callout,3.5
1004,40,callout,3.5
1004,40,callout,3.5
1008,40,callin,3.5
1018,40,callout,3.5
1005,33,callout,3.5
1,359,smsin,5.0
1016,40,smsin,5.0
1016,53,smsin,5.0
1005,53,smsin,5.0
1009,40,callout,3.5
1009,40,callout,3.5
102,34,callout,3.5
1005,43,smsin,5.0
1007,0,callout,3.5
1008,0,smsin,5.0
1008,0,smsin,5.0
1008,0,smsin,5.0
1008,0,smsin,5.0
1008,0,smsin,5.0
1008,0,smsin,5.0
1008,0,smsin,5.0
1008,0,smsin,5.0
1008,0,smsin,5.0
1008,0,smsin,5.0
1008,0,smsin,5.0
1008,0,smsin,5.0
1008,0,smsin,5.0
1008,0,smsin,5.0
1008,0,smsin,5.0
1008,0,smsin,5.0
1008,0,smsin,5.0
1008,0,smsin,5.0
1008,0,smsin,5.0
1008,0,smsin,5.0
1008,0,smsin,5.0
1008,0,smsin,5.0
1008,0,smsin,5.0
1008,0,smsin,5.0
1008,0,smsin,5.0
1008,0,smsin,5.0
1008,0,smsin,5.0
1008,0,smsin,5.0
1005,971,smsin,5.0
1000,33,internet,10.0
1000,33,internet,10.0
102,39,smsout,5.0
1018,355,callout,3.5
1000,34,smsin,5.0
100,39,smsout,5.0
100,39,smsout,5.0
1008,43,smsout,5.0
1011,88239,internet,10.0
1,39,smsin,5.0
1,39,smsin,5.0
1,39,smsin,5.0
1,39,smsin,5.0
1,39,smsin,5.0
1,39,smsin,5.0
1,39,smsin,5.0
1,39,smsin,5.0
1,39,smsin,5.0
1,39,smsin,5.0
1,39,smsin,5.0
1,39,smsin,5.0
1,39,smsin,5.0
1,39,smsin,5.0
1,39,smsin,5.0
1,39,smsin,5.0
1,39,smsin,5.0
1,39,smsin,5.0
1,39,smsin,5.0
1,39,smsin,5.0
1,39,smsin,5.0
1,39,smsin,5.0
1,39,smsin,5.0
1,39,smsin,5.0
1,39,smsin,5.0
1,39,smsin,5.0
1,39,smsin,5.0
1,39,smsin,5.0
1,39,smsin,5.0
1,39,smsin,5.0
1,39,smsin,5.0
1,39,smsin,5.0
1,39,smsin,5.0
1003,353,smsin,5.0
1008,212,callout,3.5
1008,49,smsout,5.0
10,41,callin,3.5
10000,20,callout,3.5
10000,20,callout,3.5
1001,33,internet,10.0
102,0,smsin,5.0
102,0,smsin,5.0
102,0,smsin,5.0
102,0,smsin,5.0
102,0,smsin,5.0
102,0,smsin,5.0
102,0,smsin,5.0
102,0,smsin,5.0
102,0,smsin,5.0
102,0,smsin,5.0
102,0,smsin,5.0
102,0,smsin,5.0
102,0,smsin,5.0
102,0,smsin,5.0
1009,40,callin,3.5
100,39,callin,3.5
100,39,callin,3.5
1005,33,internet,10.0
1005,33,internet,10.0
1005,33,internet,10.0
1008,1,callin,3.5
1013,40,callout,3.5
1013,40,callout,3.5
1013,40,callout,3.5
1007,40,callout,3.5
1007,40,callout,3.5
1011,20,callout,3.5
1000,86,callout,3.5
1000,86,callout,3.5
1007,421,internet,10.0
1014,20,smsin,5.0
1002,44,callin,3.5
1001,39,smsout,5.0
1001,39,smsout,5.0
1001,39,smsout,5.0
1001,39,smsout,5.0
1001,39,smsout,5.0
1001,39,smsout,5.0
1001,39,smsout,5.0
1015,32,internet,10.0
1015,46,internet,10.0
1015,46,internet,10.0
1015,46,internet,10.0
1015,46,internet,10.0
1015,46,internet,10.0
1015,46,internet,10.0
1015,46,internet,10.0
1015,46,internet,10.0
1000,46,internet,10.0
1000,46,internet,10.0
1019,33,callout,3.5
100,34,callin,3.5
1008,33,smsin,5.0
100,33,smsin,5.0
100,33,smsin,5.0
100,20,callout,3.5
100,20,callout,3.5
1006,40,callout,3.5
1006,40,callout,3.5
1006,40,callout,3.5
1006,40,callout,3.5
1006,880,callout,3.5
100,47,callin,3.5
1007,353,internet,10.0
1005,40,callout,3.5
1005,40,callout,3.5
1005,40,callout,3.5
1005,40,callout,3.5
1006,49,internet,10.0
1006,49,internet,10.0
1016,32,internet,10.0
1016,353,callin,3.5
101,880,callout,3.5
1007,34,internet,10.0
100,41,smsin,5.0
102,40,internet,10.0
1012,39,smsin,5.0
1012,39,smsin,5.0
1012,39,smsin,5.0
1012,39,smsin,5.0
1012,39,smsin,5.0
1012,39,smsin,5.0
1012,39,smsin,5.0
1012,39,smsin,5.0
1012,39,smsin,5.0
1012,39,smsin,5.0
1012,39,smsin,5.0
1012,39,smsin,5.0
1012,39,smsin,5.0
1012,39,smsin,5.0
1012,39,smsin,5.0
1012,39,smsin,5.0
1012,39,smsin,5.0
1012,39,smsin,5.0
1012,39,smsin,5.0
1012,39,smsin,5.0
1012,39,smsin,5.0
1012,39,smsin,5.0
1012,39,smsin,5.0
1012,39,smsin,5.0
1012,39,smsin,5.0
1012,39,smsin,5.0
1012,39,smsin,5.0
1012,39,smsin,5.0
1012,39,smsin,5.0
1012,39,smsin,5.0
1012,39,smsin,5.0
1003,49,internet,10.0
1002,39,smsout,5.0
1002,39,smsout,5.0
1007,49,internet,10.0
1007,49,internet,10.0
1007,49,internet,10.0
1008,420,smsin,5.0
1002,0,smsin,5.0
1002,0,smsin,5.0
1002,0,smsin,5.0
1002,0,smsin,5.0
1002,0,smsin,5.0
1002,0,smsin,5.0
1002,0,smsin,5.0
1002,0,smsin,5.0
1002,0,smsin,5.0
1002,0,smsin,5.0
1002,0,smsin,5.0
1002,0,smsin,5.0
1002,0,smsin,5.0
1002,0,smsin,5.0
1002,0,smsin,5.0
1002,0,smsin,5.0
1002,0,smsin,5.0
1002,0,smsin,5.0
1002,0,smsin,5.0
1002,0,smsin,5.0
1002,0,smsin,5.0
1002,0,smsin,5.0
1002,0,smsin,5.0
1002,0,smsin,5.0
1009,46,internet,10.0
1009,46,internet,10.0
1009,46,internet,10.0
1009,46,internet,10.0
1009,46,internet,10.0
1009,46,internet,10.0
1009,46,internet,10.0
1005,47,internet,10.0
1001,32,callin,3.5
1012,1514,smsout,5.0
1016,33,internet,10.0
1016,33,internet,10.0
1016,33,internet,10.0
1016,33,internet,10.0
1016,33,internet,10.0
100,0,smsin,5.0
100,0,smsin,5.0
100,0,smsin,5.0
100,0,smsin,5.0
100,0,smsin,5.0
100,0,smsin,5.0
100,0,smsin,5.0
100,0,smsin,5.0
100,0,smsin,5.0
100,0,smsin,5.0
100,0,smsin,5.0
100,0,smsin,5.0
100,0,smsin,5.0
100,0,smsin,5.0
100,0,smsin,5.0
100,0,smsin,5.0
100,0,smsin,5.0
100,0,smsin,5.0
100,0,smsin,5.0
100,0,smsin,5.0
100,0,smsin,5.0
100,0,smsin,5.0
100,0,smsin,5.0
100,0,smsin,5.0
100,0,smsin,5.0
100,0,smsin,5.0
100,0,smsin,5.0
100,0,smsin,5.0
100,0,smsin,5.0
100,0,smsin,5.0
100,0,smsin,5.0
1017,53,callin,3.5
1008,41,callout,3.5
1007,234,callout,3.5
1005,27,smsin,5.0
10000,46,internet,10.0
10000,46,internet,10.0
1011,53,smsin,5.0
1012,44,smsin,5.0
1005,92,callout,3.5
10000,221,callin,3.5
101,0,smsin,5.0
101,0,smsin,5.0
101,0,smsin,5.0
101,0,smsin,5.0
101,0,smsin,5.0
101,0,smsin,5.0
101,0,smsin,5.0
101,0,smsin,5.0
101,0,smsin,5.0
101,0,smsin,5.0
101,0,smsin,5.0
101,0,smsin,5.0
101,0,smsin,5.0
101,0,smsin,5.0
101,0,smsin,5.0
101,0,smsin,5.0
101,0,smsin,5.0
101,0,smsin,5.0
101,0,smsin,5.0
101,0,smsin,5.0
101,0,smsin,5.0
101,0,smsin,5.0
101,0,smsin,5.0
101,0,smsin,5.0
101,0,smsin,5.0
101,0,smsin,5.0
101,0,smsin,5.0
101,0,smsin,5.0
101,0,smsin,5.0
101,0,smsin,5.0
101,0,smsin,5.0
101,0,smsin,5.0
101,0,smsin,5.0
101,0,smsin,5.0
101,0,smsin,5.0
101,0,smsin,5.0
101,0,smsin,5.0
101,0,smsin,5.0
101,0,smsin,5.0
1008,32,callout,3.5
1008,32,callout,3.5
1,39,smsout,5.0
1002,389,smsin,5.0
1000,44,internet,10.0
1000,44,internet,10.0
1002,86,smsin,5.0
1008,7,smsout,5.0
1001,0,smsin,5.0
1001,0,smsin,5.0
1001,0,smsin,5.0
1001,0,smsin,5.0
1001,0,smsin,5.0
1001,0,smsin,5.0
1001,0,smsin,5.0
1001,0,smsin,5.0
1001,0,smsin,5.0
1001,0,smsin,5.0
1001,0,smsin,5.0
1001,0,smsin,5.0
1001,0,smsin,5.0
1001,0,smsin,5.0
1001,0,smsin,5.0
1001,0,smsin,5.0
1001,0,smsin,5.0
1001,0,smsin,5.0
1001,0,smsin,5.0
1001,0,smsin,5.0
1001,0,smsin,5.0
1001,0,smsin,5.0
1001,0,smsin,5.0
1001,0,smsin,5.0
1001,0,smsin,5.0
1001,0,smsin,5.0
1005,33,smsout,5.0
1005,44,smsout,5.0
1018,41,callin,3.5
1013,1,smsin,5.0
10000,49,internet,10.0
10000,49,internet,10.0
10000,49,internet,10.0
1018,880,callout,3.5
1009,34,smsin,5.0
1,48,callin,3.5
1009,0,smsin,5.0
1009,0,smsin,5.0
1009,0,smsin,5.0
1009,0,smsin,5.0
1009,0,smsin,5.0
1009,0,smsin,5.0
1009,0,smsin,5.0
1009,0,smsin,5.0
1009,0,smsin,5.0
1009,0,smsin,5.0
1009,0,smsin,5.0
1009,0,smsin,5.0
1009,0,smsin,5.0
1009,0,smsin,5.0
1009,0,smsin,5.0
1009,0,smsin,5.0
1009,0,smsin,5.0
1009,0,smsin,5.0
1009,0,smsin,5.0
1009,0,smsin,5.0
1009,0,smsin,5.0
1009,0,smsin,5.0
1009,0,smsin,5.0
1009,0,smsin,5.0
1009,0,smsin,5.0
1009,0,smsin,5.0
1004,48,smsout,5.0
1002,88239,internet,10.0
1005,94,callout,3.5
1012,46,internet,10.0
1012,46,internet,10.0
1012,46,internet,10.0
1012,46,internet,10.0
1012,46,internet,10.0
1012,46,internet,10.0
1012,46,internet,10.0
1012,46,internet,10.0
1003,40,callout,3.5
1013,55,callout,3.5
1000,20,callout,3.5
1000,20,callout,3.5
1002,41,callin,3.5
1009,63,callin,3.5
1000,53,smsout,5.0
1015,20,callout,3.5
10,46,internet,10.0
10,46,internet,10.0
1000,44,smsin,5.0
1000,44,smsin,5.0
1000,44,smsin,5.0
1000,49,smsout,5.0
1016,41,smsin,5.0
1011,0,smsin,5.0
1011,0,smsin,5.0
1011,0,smsin,5.0
1011,0,smsin,5.0
1011,0,smsin,5.0
1011,0,smsin,5.0
1011,0,smsin,5.0
1011,0,smsin,5.0
1011,0,smsin,5.0
1011,0,smsin,5.0
1011,0,smsin,5.0
1011,0,smsin,5.0
1011,0,smsin,5.0
1011,0,smsin,5.0
1011,0,smsin,5.0
1011,0,smsin,5.0
1011,0,smsin,5.0
1011,0,smsin,5.0
1011,0,smsin,5.0
1011,0,smsin,5.0
1011,0,smsin,5.0
1011,0,smsin,5.0
1011,0,smsin,5.0
1011,0,smsin,5.0
1011,0,smsin,5.0
1011,0,smsin,5.0
1011,0,smsin,5.0
1011,0,smsin,5.0
1011,0,smsin,5.0
1011,0,smsin,5.0
1011,0,smsin,5.0
1011,0,smsin,5.0
1011,0,smsin,5.0
1005,43,internet,10.0
1005,43,internet,10.0
1005,43,internet,10.0
1005,43,internet,10.0
1005,43,internet,10.0
1010,32,smsin,5.0
1003,33,internet,10.0
1003,33,internet,10.0
100,359,callin,3.5
1006,40,smsin,5.0
102,0,callout,3.5
1019,49,smsin,5.0
1009,44,smsin,5.0
1008,7,smsin,5.0
101,20,callout,3.5
101,20,callout,3.5
101,20,callout,3.5
101,20,callout,3.5
101,20,callout,3.5
1016,44,callin,3.5
100,33,internet,10.0
100,33,internet,10.0
100,33,internet,10.0
100,33,internet,10.0
100,33,internet,10.0
100,33,internet,10.0
100,33,internet,10.0
100,33,internet,10.0
100,33,internet,10.0
100,33,internet,10.0
100,33,internet,10.0
100,33,internet,10.0
100,33,internet,10.0
100,33,internet,10.0
1013,1514,smsout,5.0
1006,385,smsin,5.0
1007,234,callin,3.5
102,41,callin,3.5
1007,48,smsout,5.0
1008,32,internet,10.0
1008,32,internet,10.0
1015,39,smsin,5.0
1015,39,smsin,5.0
1015,39,smsin,5.0
1015,39,smsin,5.0
1015,39,smsin,5.0
1015,39,smsin,5.0
1015,39,smsin,5.0
1015,39,smsin,5.0
1015,39,smsin,5.0
1015,39,smsin,5.0
1015,39,smsin,5.0
1015,39,smsin,5.0
1015,39,smsin,5.0
1015,39,smsin,5.0
1015,39,smsin,5.0
1015,39,smsin,5.0
1015,39,smsin,5.0
1015,39,smsin,5.0
1015,39,smsin,5.0
1015,39,smsin,5.0
1015,39,smsin,5.0
1015,39,smsin,5.0
1015,39,smsin,5.0
1015,39,smsin,5.0
1015,39,smsin,5.0
1015,39,smsin,5.0
1015,39,smsin,5.0
1015,39,smsin,5.0
1015,39,smsin,5.0
1015,39,smsin,5.0
1015,39,smsin,5.0
102,46,internet,10.0
102,46,internet,10.0
102,46,internet,10.0
102,46,internet,10.0
102,46,internet,10.0
102,46,internet,10.0
1002,44,smsin,5.0
1011,39,smsout,5.0
1011,39,smsout,5.0
1011,39,smsout,5.0
1011,39,smsout,5.0
1003,43,internet,10.0
1019,20,smsin,5.0
1001,44,smsin,5.0
1003,32,callin,3.5
10,359,smsout,5.0
1001,46,internet,10.0
1001,46,internet,10.0
1006,353,callin,3.5
1012,63,callout,3.5
100,33,smsout,5.0
10000,39,smsin,5.0
10000,39,smsin,5.0
10000,39,smsin,5.0
10000,39,smsin,5.0
10000,39,smsin,5.0
10000,39,smsin,5.0
10000,39,smsin,5.0
10000,39,smsin,5.0
10000,39,smsin,5.0
10000,39,smsin,5.0
10000,39,smsin,5.0
10000,39,smsin,5.0
10000,39,smsin,5.0
10000,39,smsin,5.0
10000,39,smsin,5.0
10000,39,smsin,5.0
10000,39,smsin,5.0
10000,39,smsin,5.0
10000,39,smsin,5.0
10000,39,smsin,5.0
10000,39,smsin,5.0
10000,39,smsin,5.0
10000,39,smsin,5.0
10000,39,smsin,5.0
10000,39,smsin,5.0
10000,39,smsin,5.0
10000,39,smsin,5.0
10000,39,smsin,5.0
10000,39,smsin,5.0
10000,39,smsin,5.0
10000,39,smsin,5.0
10000,39,smsin,5.0
10000,39,smsin,5.0
10000,39,smsin,5.0
10000,39,smsin,5.0
10000,39,smsin,5.0
1014,55,callout,3.5
1006,63,callout,3.5
100,1,smsin,5.0
102,39,callout,3.5
1007,1514,smsout,5.0
1016,53,callin,3.5
1010,1,smsin,5.0
102,359,smsin,5.0
1011,40,callout,3.5
1011,40,callout,3.5
1011,40,callout,3.5
1011,40,callout,3.5
1018,94,callout,3.5
10000,33,smsin,5.0
10000,33,smsin,5.0
1014,20,callout,3.5
1,41,callin,3.5
1,41,callin,3.5
1004,0,smsin,5.0
1004,0,smsin,5.0
1004,0,smsin,5.0
1004,0,smsin,5.0
1004,0,smsin,5.0
1004,0,smsin,5.0
1004,0,smsin,5.0
1004,0,smsin,5.0
1004,0,smsin,5.0
1004,0,smsin,5.0
1004,0,smsin,5.0
1004,0,smsin,5.0
1004,0,smsin,5.0
1004,0,smsin,5.0
1004,0,smsin,5.0
1004,0,smsin,5.0
1004,0,smsin,5.0
1004,0,smsin,5.0
1004,0,smsin,5.0
1004,0,smsin,5.0
1004,0,smsin,5.0
1004,0,smsin,5.0
1004,0,smsin,5.0
1004,0,smsin,5.0
1004,0,smsin,5.0
1004,0,smsin,5.0
1004,0,smsin,5.0
1004,0,smsin,5.0
1008,381,smsin,5.0
1008,92,callout,3.5
1009,0,callout,3.5
10,41,smsin,5.0
1000,1,callin,3.5
1001,39,smsin,5.0
1001,39,smsin,5.0
1001,39,smsin,5.0
1001,39,smsin,5.0
1001,39,smsin,5.0
1001,39,smsin,5.0
1001,39,smsin,5.0
1001,39,smsin,5.0
1001,39,smsin,5.0
1001,39,smsin,5.0
1001,39,smsin,5.0
1001,39,smsin,5.0
1001,39,smsin,5.0
1001,39,smsin,5.0
1001,39,smsin,5.0
1001,39,smsin,5.0
1001,39,smsin,5.0
1001,39,smsin,5.0
1001,39,smsin,5.0
1001,39,smsin,5.0
1001,39,smsin,5.0
1001,39,smsin,5.0
1001,39,smsin,5.0
1001,39,smsin,5.0
1001,39,smsin,5.0
1001,39,smsin,5.0
1001,39,smsin,5.0
1001,39,smsin,5.0
1001,39,smsin,5.0
101,40,callout,3.5
1014,1,smsin,5.0
1014,1,smsin,5.0
1014,1,smsin,5.0
1002,20,callout,3.5
1006,1,smsin,5.0
1006,1,smsin,5.0
1016,33,callout,3.5
1,0,smsin,5.0
1,0,smsin,5.0
1,0,smsin,5.0
1,0,smsin,5.0
1,0,smsin,5.0
1,0,smsin,5.0
1,0,smsin,5.0
1,0,smsin,5.0
1,0,smsin,5.0
1,0,smsin,5.0
1,0,smsin,5.0
1,0,smsin,5.0
1,0,smsin,5.0
1,0,smsin,5.0
1,0,smsin,5.0
1,0,smsin,5.0
1,0,smsin,5.0
1,0,smsin,5.0
1,0,smsin,5.0
1,0,smsin,5.0
1,0,smsin,5.0
1,0,smsin,5.0
1,0,smsin,5.0
1,0,smsin,5.0
1006,0,smsin,5.0
1006,0,smsin,5.0
1006,0,smsin,5.0
1006,0,smsin,5.0
1006,0,smsin,5.0
1006,0,smsin,5.0
1006,0,smsin,5.0
1006,0,smsin,5.0
1006,0,smsin,5.0
1006,0,smsin,5.0
1006,0,smsin,5.0
1006,0,smsin,5.0
1006,0,smsin,5.0
1006,0,smsin,5.0
1006,0,smsin,5.0
1006,0,smsin,5.0
1006,0,smsin,5.0
1006,0,smsin,5.0
1006,0,smsin,5.0
1006,0,smsin,5.0
1006,0,smsin,5.0
1006,0,smsin,5.0
1006,0,smsin,5.0
1006,0,smsin,5.0
1006,0,smsin,5.0
1006,0,smsin,5.0
1006,0,smsin,5.0
1006,0,smsin,5.0
1006,0,smsin,5.0
1006,0,smsin,5.0
1005,32,callin,3.5
100,41,internet,10.0
100,86,callout,3.5
1018,49,internet,10.0
10000,41,smsout,5.0
1008,91,callout,3.5
1019,46,internet,10.0
1019,46,internet,10.0
1007,49,callin,3.5
1007,221,callout,3.5
1017,88239,internet,10.0
1005,39,smsin,5.0
1005,39,smsin,5.0
1005,39,smsin,5.0
1005,39,smsin,5.0
1005,39,smsin,5.0
1005,39,smsin,5.0
1005,39,smsin,5.0
1005,39,smsin,5.0
1005,39,smsin,5.0
1005,39,smsin,5.0
1005,39,smsin,5.0
1005,39,smsin,5.0
1005,39,smsin,5.0
1005,39,smsin,5.0
1005,39,smsin,5.0
1005,39,smsin,5.0
1005,39,smsin,5.0
1005,39,smsin,5.0
1005,39,smsin,5.0
1005,39,smsin,5.0
1005,39,smsin,5.0
1005,39,smsin,5.0
1005,39,smsin,5.0
1005,39,smsin,5.0
1005,39,smsin,5.0
1005,39,smsin,5.0
1005,39,smsin,5.0
1005,39,smsin,5.0
1005,39,smsin,5.0
1005,39,smsin,5.0
1005,39,smsin,5.0
1004,1,smsin,5.0
1004,1,smsin,5.0
1001,49,internet,10.0
1010,46,internet,10.0
1010,46,internet,10.0
1010,46,internet,10.0
1010,46,internet,10.0
1010,46,internet,10.0
1010,46,internet,10.0
1010,46,internet,10.0
1010,46,internet,10.0
1010,46,internet,10.0
1010,46,internet,10.0
1008,421,callin,3.5
101,355,callout,3.5
1004,212,callout,3.5
10,39,internet,10.0
1014,33,internet,10.0
1014,33,internet,10.0
1019,39,smsin,5.0
1019,39,smsin,5.0
1019,39,smsin,5.0
1019,39,smsin,5.0
1019,39,smsin,5.0
1019,39,smsin,5.0
1019,39,smsin,5.0
1019,39,smsin,5.0
1019,39,smsin,5.0
1019,39,smsin,5.0
1019,39,smsin,5.0
1019,39,smsin,5.0
1019,39,smsin,5.0
1019,39,smsin,5.0
1019,39,smsin,5.0
1019,39,smsin,5.0
1019,39,smsin,5.0
1019,39,smsin,5.0
1019,39,smsin,5.0
1019,39,smsin,5.0
1019,39,smsin,5.0
1019,39,smsin,5.0
1019,39,smsin,5.0
1019,39,smsin,5.0
1019,39,smsin,5.0
1019,39,smsin,5.0
1019,39,smsin,5.0
1019,39,smsin,5.0
1019,39,smsin,5.0
1019,39,smsin,5.0
1019,39,smsin,5.0
1019,39,smsin,5.0
1019,39,smsin,5.0
1013,53,smsin,5.0
1004,63,callout,3.5
1018,49,smsin,5.0
1016,40,callin,3.5
1007,40,callin,3.5
1018,41,smsin,5.0
10,33,internet,10.0
1008,234,callin,3.5
1010,55,callout,3.5
1008,43,internet,10.0
1000,39,callin,3.5
1000,380,callout,3.5
1011,55,callout,3.5
1006,94,callout,3.5
1004,20,callout,3.5
1000,39,smsin,5.0
1000,39,smsin,5.0
1000,39,smsin,5.0
1000,39,smsin,5.0
1000,39,smsin,5.0
1000,39,smsin,5.0
1000,39,smsin,5.0
1000,39,smsin,5.0
1000,39,smsin,5.0
1000,39,smsin,5.0
1000,39,smsin,5.0
1000,39,smsin,5.0
1000,39,smsin,5.0
1000,39,smsin,5.0
1000,39,smsin,5.0
1000,39,smsin,5.0
1000,39,smsin,5.0
1000,39,smsin,5.0
1000,39,smsin,5.0
1000,39,smsin,5.0
1000,39,smsin,5.0
1000,39,smsin,5.0
1000,39,smsin,5.0
1000,39,smsin,5.0
1000,39,smsin,5.0
1000,39,smsin,5.0
1000,39,smsin,5.0
1000,39,smsin,5.0
1000,39,smsin,5.0
1000,39,smsin,5.0
1000,39,smsin,5.0
1000,39,smsin,5.0
1000,39,smsin,5.0
1000,62,smsout,5.0
1015,49,internet,10.0
1011,39,smsin,5.0
1011,39,smsin,5.0
1011,39,smsin,5.0
1011,39,smsin,5.0
1011,39,smsin,5.0
1011,39,smsin,5.0
1011,39,smsin,5.0
1011,39,smsin,5.0
1011,39,smsin,5.0
1011,39,smsin,5.0
1011,39,smsin,5.0
1011,39,smsin,5.0
1011,39,smsin,5.0
1011,39,smsin,5.0
1011,39,smsin,5.0
1011,39,smsin,5.0
1011,39,smsin,5.0
1011,39,smsin,5.0
1011,39,smsin,5.0
1011,39,smsin,5.0
1011,39,smsin,5.0
1011,39,smsin,5.0
1011,39,smsin,5.0
1011,39,smsin,5.0
1011,39,smsin,5.0
1011,39,smsin,5.0
1011,39,smsin,5.0
1011,39,smsin,5.0
1011,39,smsin,5.0
1011,39,smsin,5.0
1011,39,smsin,5.0
10,359,smsin,5.0
1008,41,internet,10.0
1007,55,callout,3.5
1003,212,callout,3.5
1000,40,callout,3.5
1000,20,callin,3.5
101,44,callout,3.5
1002,53,callin,3.5
1006,32,internet,10.0
1006,32,internet,10.0
1018,353,smsin,5.0
1017,46,internet,10.0
1017,46,internet,10.0
1017,46,internet,10.0
1017,46,internet,10.0
1017,46,internet,10.0
1017,46,internet,10.0
1017,46,internet,10.0
1017,46,internet,10.0
1008,53,callout,3.5
1008,33,callout,3.5
102,33,internet,10.0
102,33,internet,10.0
10,0,smsin,5.0
10,0,smsin,5.0
10,0,smsin,5.0
10,0,smsin,5.0
10,0,smsin,5.0
10,0,smsin,5.0
10,0,smsin,5.0
10,0,smsin,5.0
10,0,smsin,5.0
10,0,smsin,5.0
10,0,smsin,5.0
10,0,smsin,5.0
10,0,smsin,5.0
10,0,smsin,5.0
10,0,smsin,5.0
10,0,smsin,5.0
10,0,smsin,5.0
10,0,smsin,5.0
10,0,smsin,5.0
10,0,smsin,5.0
10,0,smsin,5.0
10,0,smsin,5.0
10,0,smsin,5.0
10,0,smsin,5.0
10,0,smsin,5.0
10,0,smsin,5.0
10,0,smsin,5.0
10,0,smsin,5.0
10,0,smsin,5.0
10,0,smsin,5.0
10,0,smsin,5.0
1014,353,callin,3.5
1009,39,smsin,5.0
1009,39,smsin,5.0
1009,39,smsin,5.0
1009,39,smsin,5.0
1009,39,smsin,5.0
1009,39,smsin,5.0
1009,39,smsin,5.0
1009,39,smsin,5.0
1009,39,smsin,5.0
1009,39,smsin,5.0
1009,39,smsin,5.0
1009,39,smsin,5.0
1009,39,smsin,5.0
1009,39,smsin,5.0
1009,39,smsin,5.0
1009,39,smsin,5.0
1009,39,smsin,5.0
1009,39,smsin,5.0
1009,39,smsin,5.0
1009,39,smsin,5.0
1009,39,smsin,5.0
1009,39,smsin,5.0
1009,39,smsin,5.0
1009,39,smsin,5.0
1009,39,smsin,5.0
1009,39,smsin,5.0
1009,39,smsin,5.0
1009,39,smsin,5.0
1009,39,smsin,5.0
1018,32,internet,10.0
100,373,callout,3.5
1016,7,internet,10.0
1016,53,callout,3.5
1013,40,callin,3.5
1005,41,callin,3.5
1019,39,smsout,5.0
1019,39,smsout,5.0
1019,39,smsout,5.0
1019,39,smsout,5.0
100,44,smsout,5.0
1001,0,callout,3.5
1003,33,smsout,5.0
1005,0,smsin,5.0
1005,0,smsin,5.0
1005,0,smsin,5.0
1005,0,smsin,5.0
1005,0,smsin,5.0
1005,0,smsin,5.0
1005,0,smsin,5.0
1005,0,smsin,5.0
1005,0,smsin,5.0
1005,0,smsin,5.0
1005,0,smsin,5.0
1005,0,smsin,5.0
1005,0,smsin,5.0
1005,0,smsin,5.0
1005,0,smsin,5.0
1005,0,smsin,5.0
1005,0,smsin,5.0
1005,0,smsin,5.0
1005,0,smsin,5.0
1005,0,smsin,5.0
1005,0,smsin,5.0
1005,0,smsin,5.0
1005,0,smsin,5.0
1005,0,smsin,5.0
1005,0,smsin,5.0
1005,0,smsin,5.0
1005,0,smsin,5.0
1005,41,internet,10.0
1005,41,internet,10.0
1005,41,internet,10.0
1005,41,internet,10.0
1005,41,internet,10.0
1005,41,internet,10.0
1005,41,internet,10.0
1007,30,smsin,5.0
1017,33,internet,10.0
1017,27,smsin,5.0
1013,39,smsout,5.0
1013,39,smsout,5.0
1013,39,smsout,5.0
1008,593,callout,3.5
1015,39,smsout,5.0
1015,39,smsout,5.0
1015,39,smsout,5.0
1008,27,smsin,5.0
1007,385,callout,3.5
1007,385,callout,3.5
1014,39,smsout,5.0
1014,39,smsout,5.0
1014,39,smsout,5.0
1008,53,callin,3.5
10000,20,smsin,5.0
101,39,smsout,5.0
101,39,smsout,5.0
100,49,smsin,5.0
1018,0,callout,3.5
100,86,internet,10.0
1005,34,internet,10.0
1014,0,smsin,5.0
1014,0,smsin,5.0
1014,0,smsin,5.0
1014,0,smsin,5.0
1014,0,smsin,5.0
1014,0,smsin,5.0
1014,0,smsin,5.0
1014,0,smsin,5.0
1014,0,smsin,5.0
1014,0,smsin,5.0
1014,0,smsin,5.0
1014,0,smsin,5.0
1014,0,smsin,5.0
1014,0,smsin,5.0
1014,0,smsin,5.0
1014,0,smsin,5.0
1014,0,smsin,5.0
1014,0,smsin,5.0
1014,0,smsin,5.0
1014,0,smsin,5.0
1014,0,smsin,5.0
1014,0,smsin,5.0
1014,0,smsin,5.0
1014,0,smsin,5.0
1014,0,smsin,5.0
1014,0,smsin,5.0
1014,0,smsin,5.0
1014,0,smsin,5.0
1018,0,smsin,5.0
1018,0,smsin,5.0
1018,0,smsin,5.0
1018,0,smsin,5.0
1018,0,smsin,5.0
1018,0,smsin,5.0
1018,0,smsin,5.0
1018,0,smsin,5.0
1018,0,smsin,5.0
1018,0,smsin,5.0
1018,0,smsin,5.0
1018,0,smsin,5.0
1018,0,smsin,5.0
1018,0,smsin,5.0
1018,0,smsin,5.0
1018,0,smsin,5.0
1018,0,smsin,5.0
1018,0,smsin,5.0
1018,0,smsin,5.0
1018,0,smsin,5.0
1018,0,smsin,5.0
1018,0,smsin,5.0
1018,0,smsin,5.0
1018,0,smsin,5.0
1018,0,smsin,5.0
1018,0,smsin,5.0
1018,0,smsin,5.0
1018,0,smsin,5.0
102,40,smsin,5.0
1018,32,smsin,5.0
1008,351,callin,3.5
1004,49,internet,10.0
1016,0,smsout,5.0
1007,0,smsin,5.0
1007,0,smsin,5.0
1007,0,smsin,5.0
1007,0,smsin,5.0
1007,0,smsin,5.0
1007,0,smsin,5.0
1007,0,smsin,5.0
1007,0,smsin,5.0
1007,0,smsin,5.0
1007,0,smsin,5.0
1007,0,smsin,5.0
1007,0,smsin,5.0
1007,0,smsin,5.0
1007,0,smsin,5.0
1007,0,smsin,5.0
1007,0,smsin,5.0
1007,0,smsin,5.0
1007,0,smsin,5.0
1007,0,smsin,5.0
1007,0,smsin,5.0
1007,0,smsin,5.0
1007,0,smsin,5.0
1007,0,smsin,5.0
1007,0,smsin,5.0
1007,0,smsin,5.0
1007,0,smsin,5.0
1007,0,smsin,5.0
1007,0,smsin,5.0
1007,0,smsin,5.0
1007,0,smsin,5.0
1007,0,smsin,5.0
1007,0,smsin,5.0
1007,0,smsin,5.0
1007,0,smsin,5.0
1007,0,smsin,5.0
1008,31,callout,3.5
1005,46,internet,10.0
1005,46,internet,10.0
1005,46,internet,10.0
1005,46,internet,10.0
1005,46,internet,10.0
1005,46,internet,10.0
1005,46,internet,10.0
1005,46,internet,10.0
1005,46,internet,10.0
1005,46,internet,10.0
1005,46,internet,10.0
1006,39,smsin,5.0
1006,39,smsin,5.0
1006,39,smsin,5.0
1006,39,smsin,5.0
1006,39,smsin,5.0
1006,39,smsin,5.0
1006,39,smsin,5.0
1006,39,smsin,5.0
1006,39,smsin,5.0
1006,39,smsin,5.0
1006,39,smsin,5.0
1006,39,smsin,5.0
1006,39,smsin,5.0
1006,39,smsin,5.0
1006,39,smsin,5.0
1006,39,smsin,5.0
1006,39,smsin,5.0
1006,39,smsin,5.0
1006,39,smsin,5.0
1006,39,smsin,5.0
1006,39,smsin,5.0
1006,39,smsin,5.0
1006,39,smsin,5.0
1006,39,smsin,5.0
1006,39,smsin,5.0
1006,39,smsin,5.0
1006,39,smsin,5.0
1006,39,smsin,5.0
1006,39,smsin,5.0
1006,39,smsin,5.0
1006,39,smsin,5.0
1006,39,smsin,5.0
101,48,callin,3.5
1000,216,smsin,5.0
1016,1,internet,10.0
1014,44,smsout,5.0
100,39,smsin,5.0
100,39,smsin,5.0
100,39,smsin,5.0
100,39,smsin,5.0
100,39,smsin,5.0
100,39,smsin,5.0
100,39,smsin,5.0
100,39,smsin,5.0
100,39,smsin,5.0
100,39,smsin,5.0
100,39,smsin,5.0
100,39,smsin,5.0
100,39,smsin,5.0
100,39,smsin,5.0
100,39,smsin,5.0
100,39,smsin,5.0
100,39,smsin,5.0
100,39,smsin,5.0
100,39,smsin,5.0
100,39,smsin,5.0
100,39,smsin,5.0
100,39,smsin,5.0
100,39,smsin,5.0
100,39,smsin,5.0
100,39,smsin,5.0
100,39,smsin,5.0
100,39,smsin,5.0
100,39,smsin,5.0
100,39,smsin,5.0
100,39,smsin,5.0
100,39,smsin,5.0
1008,90,smsin,5.0
1011,63,callout,3.5
1004,39,smsout,5.0
1004,39,smsout,5.0
1007,351,callin,3.5
1006,33,internet,10.0
1006,33,internet,10.0
1006,33,internet,10.0
1007,40,smsin,5.0
1002,41,callout,3.5
1008,380,callout,3.5
1008,380,callout,3.5
1007,380,callout,3.5
1007,380,callout,3.5
102,40,callout,3.5
1007,32,smsin,5.0
1006,359,smsin,5.0
1,40,smsin,5.0
1005,0,callout,3.5
102,86,callout,3.5
1016,0,callout,3.5
10000,33,internet,10.0
1008,49,internet,10.0
1008,49,internet,10.0
1008,49,internet,10.0
1008,49,internet,10.0
1008,49,internet,10.0
102,880,callout,3.5
102,880,callout,3.5
1007,233,callout,3.5
10,39,smsout,5.0
1000,212,callout,3.5
1006,41,callout,3.5
1013,353,smsout,5.0
1004,353,callin,3.5
1008,18099,smsin,5.0
10000,41,internet,10.0
1007,39,smsin,5.0
1007,39,smsin,5.0
1007,39,smsin,5.0
1007,39,smsin,5.0
1007,39,smsin,5.0
1007,39,smsin,5.0
1007,39,smsin,5.0
1007,39,smsin,5.0
1007,39,smsin,5.0
1007,39,smsin,5.0
1007,39,smsin,5.0
1007,39,smsin,5.0
1007,39,smsin,5.0
1007,39,smsin,5.0
1007,39,smsin,5.0
1007,39,smsin,5.0
1007,39,smsin,5.0
1007,39,smsin,5.0
1007,39,smsin,5.0
1007,39,smsin,5.0
1007,39,smsin,5.0
1007,39,smsin,5.0
1007,39,smsin,5.0
1007,39,smsin,5.0
1007,39,smsin,5.0
1007,39,smsin,5.0
1007,39,smsin,5.0
1007,39,smsin,5.0
1007,39,smsin,5.0
1007,39,smsin,5.0
1007,39,smsin,5.0
1007,39,smsin,5.0
1007,39,smsin,5.0
1007,39,smsin,5.0
10000,40,callout,3.5
10000,355,callout,3.5
100,41,callout,3.5
1012,0,callout,3.5
1010,0,callout,3.5
1010,0,callout,3.5
1002,41,smsin,5.0
1002,41,smsin,5.0
1002,41,smsin,5.0
1002,41,smsin,5.0
100,20,smsin,5.0
10000,0,smsin,5.0
10000,0,smsin,5.0
10000,0,smsin,5.0
10000,0,smsin,5.0
10000,0,smsin,5.0
10000,0,smsin,5.0
10000,0,smsin,5.0
10000,0,smsin,5.0
10000,0,smsin,5.0
10000,0,smsin,5.0
10000,0,smsin,5.0
10000,0,smsin,5.0
10000,0,smsin,5.0
10000,0,smsin,5.0
10000,0,smsin,5.0
10000,0,smsin,5.0
10000,0,smsin,5.0
10000,0,smsin,5.0
10000,0,smsin,5.0
10000,0,smsin,5.0
10000,0,smsin,5.0
10000,0,smsin,5.0
10000,0,smsin,5.0
10000,0,smsin,5.0
10000,0,smsin,5.0
10000,0,smsin,5.0
10000,0,smsin,5.0
10000,0,smsin,5.0
10000,0,smsin,5.0
1017,40,callout,3.5
1017,40,callout,3.5
1017,40,callout,3.5
1012,20,smsin,5.0
1016,0,callin,3.5
10000,43,smsin,5.0
1007,33,internet,10.0
1007,33,internet,10.0
1005,355,smsin,5.0
1000,216,callout,3.5
1019,41,smsin,5.0
101,39,smsin,5.0
101,39,smsin,5.0
101,39,smsin,5.0
101,39,smsin,5.0
101,39,smsin,5.0
101,39,smsin,5.0
101,39,smsin,5.0
101,39,smsin,5.0
101,39,smsin,5.0
101,39,smsin,5.0
101,39,smsin,5.0
101,39,smsin,5.0
101,39,smsin,5.0
101,39,smsin,5.0
101,39,smsin,5.0
101,39,smsin,5.0
101,39,smsin,5.0
101,39,smsin,5.0
101,39,smsin,5.0
101,39,smsin,5.0
101,39,smsin,5.0
101,39,smsin,5.0
101,39,smsin,5.0
101,39,smsin,5.0
101,39,smsin,5.0
101,39,smsin,5.0
101,39,smsin,5.0
101,39,smsin,5.0
101,39,smsin,5.0
101,39,smsin,5.0
101,39,smsin,5.0
101,39,smsin,5.0
1011,53,callout,3.5
1016,0,smsin,5.0
1016,0,smsin,5.0
1016,0,smsin,5.0
1016,0,smsin,5.0
1016,0,smsin,5.0
1016,0,smsin,5.0
1016,0,smsin,5.0
1016,0,smsin,5.0
1016,0,smsin,5.0
1016,0,smsin,5.0
1016,0,smsin,5.0
1016,0,smsin,5.0
1016,0,smsin,5.0
1016,0,smsin,5.0
1016,0,smsin,5.0
1016,0,smsin,5.0
1016,0,smsin,5.0
1016,0,smsin,5.0
1016,0,smsin,5.0
1016,0,smsin,5.0
1016,0,smsin,5.0
1016,0,smsin,5.0
1016,0,smsin,5.0
1016,0,smsin,5.0
1016,0,smsin,5.0
1016,0,smsin,5.0
1016,0,smsin,5.0
1016,0,smsin,5.0
1016,0,smsin,5.0
1018,46,internet,10.0
1018,46,internet,10.0
1018,46,internet,10.0
1006,34,smsin,5.0
1013,34,callout,3.5
1016,46,internet,10.0
1016,46,internet,10.0
1016,46,internet,10.0
1016,46,internet,10.0
1016,46,internet,10.0
1016,46,internet,10.0
1016,46,internet,10.0
1016,46,internet,10.0
1016,46,internet,10.0
1016,46,internet,10.0
1016,46,internet,10.0
1016,46,internet,10.0
1017,1,smsin,5.0
1017,1,smsin,5.0
1005,32,internet,10.0
1005,32,internet,10.0
102,41,internet,10.0
1009,53,smsin,5.0
1006,41,internet,10.0
1006,41,internet,10.0
1006,41,internet,10.0
1006,41,internet,10.0
1002,46,internet,10.0
1002,46,internet,10.0
1002,46,internet,10.0
1002,46,internet,10.0
1002,46,internet,10.0
1002,46,internet,10.0
1002,46,internet,10.0
1002,46,internet,10.0
1002,46,internet,10.0
1019,41,internet,10.0
1003,0,smsin,5.0
1003,0,smsin,5.0
1003,0,smsin,5.0
1003,0,smsin,5.0
1003,0,smsin,5.0
1003,0,smsin,5.0
1003,0,smsin,5.0
1003,0,smsin,5.0
1003,0,smsin,5.0
1003,0,smsin,5.0
1003,0,smsin,5.0
1003,0,smsin,5.0
1003,0,smsin,5.0
1003,0,smsin,5.0
1003,0,smsin,5.0
1003,0,smsin,5.0
1003,0,smsin,5.0
1003,0,smsin,5.0
1003,0,smsin,5.0
1003,0,smsin,5.0
1003,0,smsin,5.0
1003,0,smsin,5.0
1003,0,smsin,5.0
1003,0,smsin,5.0
1003,0,smsin,5.0
1003,0,smsin,5.0
1008,39,smsin,5.0
1008,39,smsin,5.0
1008,39,smsin,5.0
1008,39,smsin,5.0
1008,39,smsin,5.0
1008,39,smsin,5.0
1008,39,smsin,5.0
1008,39,smsin,5.0
1008,39,smsin,5.0
1008,39,smsin,5.0
1008,39,smsin,5.0
1008,39,smsin,5.0
1008,39,smsin,5.0
1008,39,smsin,5.0
1008,39,smsin,5.0
1008,39,smsin,5.0
1008,39,smsin,5.0
1008,39,smsin,5.0
1008,39,smsin,5.0
1008,39,smsin,5.0
1008,39,smsin,5.0
1008,39,smsin,5.0
1008,39,smsin,5.0
1008,39,smsin,5.0
1008,39,smsin,5.0
1008,39,smsin,5.0
1008,39,smsin,5.0
1008,39,smsin,5.0
1008,39,smsin,5.0
1008,39,smsin,5.0
1008,39,smsin,5.0
1008,39,smsin,5.0
1008,39,smsin,5.0
1008,39,smsin,5.0
10,40,smsin,5.0
1019,355,callout,3.5
1008,63,smsin,5.0
1013,0,callout,3.5
1005,44,smsin,5.0
1004,55,callout,3.5
1008,39,smsout,5.0
10000,212,callin,3.5
1002,7,smsout,5.0
1015,1,internet,10.0
102,7,callin,3.5
1,41,smsin,5.0
1008,7,callin,3.5
101,48,smsout,5.0
1000,41,callin,3.5
1012,39,smsout,5.0
1012,39,smsout,5.0
1008,30,smsin,5.0
1014,34,smsin,5.0
1012,33,internet,10.0
102,32,smsin,5.0
1002,44,internet,10.0
1002,86,callin,3.5
100,34,smsin,5.0
1003,20,callout,3.5
1007,32,internet,10.0
1003,39,smsin,5.0
1003,39,smsin,5.0
1003,39,smsin,5.0
1003,39,smsin,5.0
1003,39,smsin,5.0
1003,39,smsin,5.0
1003,39,smsin,5.0
1003,39,smsin,5.0
1003,39,smsin,5.0
1003,39,smsin,5.0
1003,39,smsin,5.0
1003,39,smsin,5.0
1003,39,smsin,5.0
1003,39,smsin,5.0
1003,39,smsin,5.0
1003,39,smsin,5.0
1003,39,smsin,5.0
1003,39,smsin,5.0
1003,39,smsin,5.0
1003,39,smsin,5.0
1003,39,smsin,5.0
1003,39,smsin,5.0
1003,39,smsin,5.0
1003,39,smsin,5.0
1003,39,smsin,5.0
1003,39,smsin,5.0
1003,39,smsin,5.0
1003,39,smsin,5.0
1003,39,smsin,5.0
1003,39,smsin,5.0
1003,39,smsin,5.0
1003,39,smsin,5.0
1003,39,smsin,5.0
1012,1,callin,3.5
1007,39,smsout,5.0
1005,40,smsin,5.0
1001,212,callout,3.5
100,48,smsout,5.0
1010,353,internet,10.0
1010,40,smsin,5.0
1001,1,smsin,5.0
1016,359,callin,3.5
1008,44,callin,3.5
1010,88239,internet,10.0
1002,40,callout,3.5
1002,40,callout,3.5
1002,40,callout,3.5
1000,41,internet,10.0
1000,41,internet,10.0
1000,41,internet,10.0
1000,41,internet,10.0
1002,27,smsin,5.0
1015,0,callout,3.5
1015,0,callout,3.5
1002,41,internet,10.0
1002,41,internet,10.0
1002,41,internet,10.0
1002,41,internet,10.0
100,46,internet,10.0
100,46,internet,10.0
100,46,internet,10.0
1007,20,smsin,5.0
1007,212,callout,3.5
101,40,internet,10.0
1000,48,internet,10.0
1008,20,smsin,5.0
1015,88239,internet,10.0
101,41,callin,3.5
1006,46,internet,10.0
1006,46,internet,10.0
1006,46,internet,10.0
1006,46,internet,10.0
1006,46,internet,10.0
1006,46,internet,10.0
1006,46,internet,10.0
1006,46,internet,10.0
1006,46,internet,10.0
1006,46,internet,10.0
1007,7,internet,10.0
1007,46,internet,10.0
1007,46,internet,10.0
1007,46,internet,10.0
1007,46,internet,10.0
1007,46,internet,10.0
1007,46,internet,10.0
1007,46,internet,10.0
1007,46,internet,10.0
1007,46,internet,10.0
1007,46,internet,10.0
1007,46,internet,10.0
1007,46,internet,10.0
1007,46,internet,10.0
1007,46,internet,10.0
1007,46,internet,10.0
1007,46,internet,10.0
1007,46,internet,10.0
1007,46,internet,10.0
1007,46,internet,10.0
1007,46,internet,10.0
1,34,callout,3.5
1015,40,callout,3.5
1015,40,callout,3.5
1015,40,callout,3.5
1015,40,callout,3.5
1015,40,callout,3.5
1005,94,smsin,5.0
101,880,smsin,5.0
10,355,callout,3.5
100,49,internet,10.0
100,49,internet,10.0
100,49,internet,10.0
100,49,internet,10.0
100,49,internet,10.0
1006,0,callout,3.5
1003,39,smsout,5.0
1003,39,smsout,5.0
1003,39,smsout,5.0
1003,39,smsout,5.0
1011,44,smsin,5.0
1000,49,internet,10.0
1000,49,internet,10.0
1016,39,smsin,5.0
1016,39,smsin,5.0
1016,39,smsin,5.0
1016,39,smsin,5.0
1016,39,smsin,5.0
1016,39,smsin,5.0
1016,39,smsin,5.0
1016,39,smsin,5.0
1016,39,smsin,5.0
1016,39,smsin,5.0
1016,39,smsin,5.0
1016,39,smsin,5.0
1016,39,smsin,5.0
1016,39,smsin,5.0
1016,39,smsin,5.0
1016,39,smsin,5.0
1016,39,smsin,5.0
1016,39,smsin,5.0
1016,39,smsin,5.0
1016,39,smsin,5.0
1016,39,smsin,5.0
1016,39,smsin,5.0
1016,39,smsin,5.0
1016,39,smsin,5.0
1016,39,smsin,5.0
1016,39,smsin,5.0
1016,39,smsin,5.0
1016,39,smsin,5.0
1016,39,smsin,5.0
1016,39,smsin,5.0
1016,39,smsin,5.0
1016,39,smsin,5.0
1005,49,callin,3.5
1015,20,smsin,5.0
1013,33,internet,10.0
1013,33,internet,10.0
101,32,smsin,5.0
1,48,smsin,5.0
1012,353,callin,3.5
102,420,smsin,5.0
1002,40,smsin,5.0
1002,1,smsin,5.0
102,359,callout,3.5
10000,221,callout,3.5
1008,86,smsin,5.0
1006,420,internet,10.0
1011,353,callin,3.5
1018,39,smsout,5.0
1018,39,smsout,5.0
1018,39,smsout,5.0
1018,39,smsout,5.0
1018,39,smsout,5.0
1014,44,smsin,5.0
1005,53,callin,3.5
1013,0,smsin,5.0
1013,0,smsin,5.0
1013,0,smsin,5.0
1013,0,smsin,5.0
1013,0,smsin,5.0
1013,0,smsin,5.0
1013,0,smsin,5.0
1013,0,smsin,5.0
1013,0,smsin,5.0
1013,0,smsin,5.0
1013,0,smsin,5.0
1013,0,smsin,5.0
1013,0,smsin,5.0
1013,0,smsin,5.0
1013,0,smsin,5.0
1013,0,smsin,5.0
1013,0,smsin,5.0
1013,0,smsin,5.0
1013,0,smsin,5.0
1013,0,smsin,5.0
1013,0,smsin,5.0
1013,0,smsin,5.0
1013,0,smsin,5.0
1013,0,smsin,5.0
1013,0,smsin,5.0
1013,0,smsin,5.0
1013,0,smsin,5.0
1010,40,callout,3.5
1010,40,callout,3.5
1010,40,callout,3.5
1010,40,callout,3.5
1010,40,callout,3.5
1008,221,callout,3.5
1008,221,callout,3.5
10000,39,smsout,5.0
10000,39,smsout,5.0
10000,39,smsout,5.0
10000,39,smsout,5.0
1003,7,smsout,5.0
1004,0,callout,3.5
10,49,internet,10.0
10,49,internet,10.0
1019,0,smsin,5.0
1019,0,smsin,5.0
1019,0,smsin,5.0
1019,0,smsin,5.0
1019,0,smsin,5.0
1019,0,smsin,5.0
1019,0,smsin,5.0
1019,0,smsin,5.0
1019,0,smsin,5.0
1019,0,smsin,5.0
1019,0,smsin,5.0
1019,0,smsin,5.0
1019,0,smsin,5.0
1019,0,smsin,5.0
1019,0,smsin,5.0
1019,0,smsin,5.0
1019,0,smsin,5.0
1019,0,smsin,5.0
1019,0,smsin,5.0
1019,0,smsin,5.0
1019,0,smsin,5.0
1019,0,smsin,5.0
1002,33,internet,10.0
1002,33,internet,10.0
1002,33,internet,10.0
1011,46,internet,10.0
1011,46,internet,10.0
1011,46,internet,10.0
1011,46,internet,10.0
1011,46,internet,10.0
1011,46,internet,10.0
1011,46,internet,10.0
1000,88239,internet,10.0
1006,86,smsin,5.0
1013,880,callout,3.5
1005,39,smsout,5.0
1005,39,smsout,5.0
1015,0,smsin,5.0
1015,0,smsin,5.0
1015,0,smsin,5.0
1015,0,smsin,5.0
1015,0,smsin,5.0
1015,0,smsin,5.0
1015,0,smsin,5.0
1015,0,smsin,5.0
1015,0,smsin,5.0
1015,0,smsin,5.0
1015,0,smsin,5.0
1015,0,smsin,5.0
1015,0,smsin,5.0
1015,0,smsin,5.0
1015,0,smsin,5.0
1015,0,smsin,5.0
1015,0,smsin,5.0
1015,0,smsin,5.0
1015,0,smsin,5.0
1015,0,smsin,5.0
1015,0,smsin,5.0
1015,0,smsin,5.0
1015,0,smsin,5.0
1015,0,smsin,5.0
1015,0,smsin,5.0
1015,0,smsin,5.0
1015,0,smsin,5.0
1015,0,smsin,5.0
1007,20,callout,3.5
1007,20,callout,3.5
1007,20,callout,3.5
10,39,smsin,5.0
10,39,smsin,5.0
10,39,smsin,5.0
10,39,smsin,5.0
10,39,smsin,5.0
10,39,smsin,5.0
10,39,smsin,5.0
10,39,smsin,5.0
10,39,smsin,5.0
10,39,smsin,5.0
10,39,smsin,5.0
10,39,smsin,5.0
10,39,smsin,5.0
10,39,smsin,5.0
10,39,smsin,5.0
10,39,smsin,5.0
10,39,smsin,5.0
10,39,smsin,5.0
10,39,smsin,5.0
10,39,smsin,5.0
10,39,smsin,5.0
10,39,smsin,5.0
10,39,smsin,5.0
10,39,smsin,5.0
10,39,smsin,5.0
10,39,smsin,5.0
10,39,smsin,5.0
10,39,smsin,5.0
10,39,smsin,5.0
10,39,smsin,5.0
10,39,smsin,5.0
10,39,smsin,5.0
10,39,smsin,5.0
1016,63,callout,3.5
1010,1514,smsout,5.0
1000,63,callout,3.5
1,355,callout,3.5
1012,40,callout,3.5
1012,40,callout,3.5
1012,40,callout,3.5
1012,40,callout,3.5
1000,212,smsin,5.0
10000,41,smsin,5.0
1005,86,callout,3.5
1016,86,callout,3.5
1016,86,callout,3.5
1005,380,callout,3.5
1017,0,smsin,5.0
1017,0,smsin,5.0
1017,0,smsin,5.0
1017,0,smsin,5.0
1017,0,smsin,5.0
1017,0,smsin,5.0
1017,0,smsin,5.0
1017,0,smsin,5.0
1017,0,smsin,5.0
1017,0,smsin,5.0
1017,0,smsin,5.0
1017,0,smsin,5.0
1017,0,smsin,5.0
1017,0,smsin,5.0
1017,0,smsin,5.0
1017,0,smsin,5.0
1017,0,smsin,5.0
1017,0,smsin,5.0
1017,0,smsin,5.0
1017,0,smsin,5.0
1017,0,smsin,5.0
1017,0,smsin,5.0
1017,0,smsin,5.0
101,212,callin,3.5
1005,46,smsout,5.0
101,380,callout,3.5
1000,221,callout,3.5
1014,40,callout,3.5
1014,40,callout,3.5
1014,40,callout,3.5
1014,40,callout,3.5
1014,40,callout,3.5
1014,0,callout,3.5
1013,27,smsin,5.0
1006,43,smsin,5.0
10,380,callout,3.5
1006,389,smsin,5.0
101,40,smsin,5.0
101,40,smsin,5.0
101,40,smsin,5.0
101,40,smsin,5.0
102,39,smsin,5.0
102,39,smsin,5.0
102,39,smsin,5.0
102,39,smsin,5.0
102,39,smsin,5.0
102,39,smsin,5.0
102,39,smsin,5.0
102,39,smsin,5.0
102,39,smsin,5.0
102,39,smsin,5.0
102,39,smsin,5.0
102,39,smsin,5.0
102,39,smsin,5.0
102,39,smsin,5.0
102,39,smsin,5.0
1007,1,smsin,5.0
1007,92,callout,3.5
1005,41,smsin,5.0
1005,41,smsin,5.0
1005,41,smsin,5.0
1005,41,smsin,5.0
1005,41,smsin,5.0
1008,49,callin,3.5
1002,44,smsout,5.0
101,46,internet,10.0
101,46,internet,10.0
101,46,internet,10.0
1013,34,smsin,5.0
1019,1,smsin,5.0
1018,44,smsin,5.0
1012,40,smsin,5.0
1002,385,smsin,5.0
1000,41,smsin,5.0
1000,31,smsout,5.0
101,359,smsin,5.0
1010,33,internet,10.0
1016,33,smsin,5.0
1,20,callout,3.5
1,20,callout,3.5
1008,234,callout,3.5
10,357,smsin,5.0
1003,46,internet,10.0
1014,353,smsout,5.0
1000,34,smsout,5.0
1005,33,smsin,5.0
10,44,smsout,5.0
100,41,callin,3.5
1008,45,internet,10.0
1015,353,callin,3.5
1012,44,smsout,5.0
1016,40,callout,3.5
1016,40,callout,3.5
1016,40,callout,3.5
1016,40,callout,3.5
1008,20,callout,3.5
1008,20,callout,3.5
1011,33,internet,10.0
1011,33,internet,10.0
1008,40,callout,3.5
1008,40,callout,3.5
1008,40,callout,3.5
1008,40,callout,3.5
1005,1,smsin,5.0
1005,1,smsin,5.0
1009,39,smsout,5.0
1009,39,smsout,5.0
1009,39,smsout,5.0
1005,353,smsin,5.0
1005,353,smsin,5.0
1005,353,smsin,5.0
1005,353,smsin,5.0
1015,33,internet,10.0
1015,33,internet,10.0
100,1,internet,10.0
100,1,internet,10.0
1009,33,internet,10.0
1009,33,internet,10.0
1008,381,callout,3.5
1007,44,smsin,5.0
1017,44,callin,3.5
1017,39,smsout,5.0
1017,39,smsout,5.0
1006,41,smsout,5.0
1000,30,callout,3.5
1014,46,internet,10.0
1014,46,internet,10.0
1014,46,internet,10.0
1014,46,internet,10.0
1014,46,internet,10.0
1014,46,internet,10.0
1014,46,internet,10.0
1008,41,smsin,5.0
10000,34,internet,10.0
1005,353,callin,3.5
1008,46,internet,10.0
1008,46,internet,10.0
1008,46,internet,10.0
1008,46,internet,10.0
1008,46,internet,10.0
1008,46,internet,10.0
1008,46,internet,10.0
1008,46,internet,10.0
1008,46,internet,10.0
1008,46,internet,10.0
1008,46,internet,10.0
1008,46,internet,10.0
1008,46,internet,10.0
1008,46,internet,10.0
1008,46,internet,10.0
1008,46,internet,10.0
1008,46,internet,10.0
1008,46,internet,10.0
1008,46,internet,10.0
1008,46,internet,10.0
1008,46,internet,10.0
1018,39,smsin,5.0
1018,39,smsin,5.0
1018,39,smsin,5.0
1018,39,smsin,5.0
1018,39,smsin,5.0
1018,39,smsin,5.0
1018,39,smsin,5.0
1018,39,smsin,5.0
1018,39,smsin,5.0
1018,39,smsin,5.0
1018,39,smsin,5.0
1018,39,smsin,5.0
1018,39,smsin,5.0
1018,39,smsin,5.0
1018,39,smsin,5.0
1018,39,smsin,5.0
1018,39,smsin,5.0
1018,39,smsin,5.0
1018,39,smsin,5.0
1018,39,smsin,5.0
1018,39,smsin,5.0
1018,39,smsin,5.0
1018,39,smsin,5.0
1018,39,smsin,5.0
1018,39,smsin,5.0
1018,39,smsin,5.0
1018,39,smsin,5.0
1018,39,smsin,5.0
1018,39,smsin,5.0
1018,39,smsin,5.0
1018,39,smsin,5.0
1018,39,smsin,5.0
1018,39,smsin,5.0
1018,39,smsin,5.0
1018,39,smsin,5.0
1018,39,smsin,5.0
100,48,smsin,5.0
1006,358,callin,3.5
1008,53,smsin,5.0
102,49,internet,10.0
1008,55,callout,3.5
1013,46,internet,10.0
1013,46,internet,10.0
1013,46,internet,10.0
1013,46,internet,10.0
1013,46,internet,10.0
1013,46,internet,10.0
1013,46,internet,10.0
1013,46,internet,10.0
1016,88239,internet,10.0
1017,39,smsin,5.0
1017,39,smsin,5.0
1017,39,smsin,5.0
1017,39,smsin,5.0
1017,39,smsin,5.0
1017,39,smsin,5.0
1017,39,smsin,5.0
1017,39,smsin,5.0
1017,39,smsin,5.0
1017,39,smsin,5.0
1017,39,smsin,5.0
1017,39,smsin,5.0
1017,39,smsin,5.0
1017,39,smsin,5.0
1017,39,smsin,5.0
1017,39,smsin,5.0
1017,39,smsin,5.0
1017,39,smsin,5.0
1017,39,smsin,5.0
1017,39,smsin,5.0
1017,39,smsin,5.0
1017,39,smsin,5.0
1017,39,smsin,5.0
1017,39,smsin,5.0
1017,39,smsin,5.0
1017,39,smsin,5.0
1017,39,smsin,5.0
1017,39,smsin,5.0
1017,39,smsin,5.0
1017,39,smsin,5.0
1017,39,smsin,5.0
1017,39,smsin,5.0
1017,39,smsin,5.0
1007,49,smsout,5.0
1016,1,callin,3.5
1016,880,callout,3.5
10000,216,smsin,5.0
1005,353,internet,10.0
1008,1,smsin,5.0
1000,40,callin,3.5
1005,41,smsout,5.0
10,20,callout,3.5
1010,39,smsout,5.0
1010,39,smsout,5.0
100,7,internet,10.0
1012,55,callout,3.5
1004,46,internet,10.0
1004,46,internet,10.0
1004,46,internet,10.0
1004,46,internet,10.0
1004,46,internet,10.0
1004,46,internet,10.0
101,33,smsin,5.0
10,355,callin,3.5
1002,39,smsin,5.0
1002,39,smsin,5.0
1002,39,smsin,5.0
1002,39,smsin,5.0
1002,39,smsin,5.0
1002,39,smsin,5.0
1002,39,smsin,5.0
1002,39,smsin,5.0
1002,39,smsin,5.0
1002,39,smsin,5.0
1002,39,smsin,5.0
1002,39,smsin,5.0
1002,39,smsin,5.0
1002,39,smsin,5.0
1002,39,smsin,5.0
1002,39,smsin,5.0
1002,39,smsin,5.0
1002,39,smsin,5.0
1002,39,smsin,5.0
1002,39,smsin,5.0
1002,39,smsin,5.0
1002,39,smsin,5.0
1002,39,smsin,5.0
1002,39,smsin,5.0
1002,39,smsin,5.0
1002,39,smsin,5.0
1002,39,smsin,5.0
1002,39,smsin,5.0
1002,39,smsin,5.0
1002,39,smsin,5.0
1014,39,smsin,5.0
1014,39,smsin,5.0
1014,39,smsin,5.0
1014,39,smsin,5.0
1014,39,smsin,5.0
1014,39,smsin,5.0
1014,39,smsin,5.0
1014,39,smsin,5.0
1014,39,smsin,5.0
1014,39,smsin,5.0
1014,39,smsin,5.0
1014,39,smsin,5.0
1014,39,smsin,5.0
1014,39,smsin,5.0
1014,39,smsin,5.0
1014,39,smsin,5.0
1014,39,smsin,5.0
1014,39,smsin,5.0
1014,39,smsin,5.0
1014,39,smsin,5.0
1014,39,smsin,5.0
1014,39,smsin,5.0
1014,39,smsin,5.0
1014,39,smsin,5.0
1014,39,smsin,5.0
1014,39,smsin,5.0
1014,39,smsin,5.0
1014,39,smsin,5.0
1014,39,smsin,5.0
1014,39,smsin,5.0
1014,39,smsin,5.0
1014,39,smsin,5.0
1014,39,smsin,5.0
1014,39,smsin,5.0
1014,39,smsin,5.0
1019,49,internet,10.0
1002,32,smsin,5.0
1010,44,smsin,5.0
1018,353,smsout,5.0
1012,0,smsin,5.0
1012,0,smsin,5.0
1012,0,smsin,5.0
1012,0,smsin,5.0
1012,0,smsin,5.0
1012,0,smsin,5.0
1012,0,smsin,5.0
1012,0,smsin,5.0
1012,0,smsin,5.0
1012,0,smsin,5.0
1012,0,smsin,5.0
1012,0,smsin,5.0
1012,0,smsin,5.0
1012,0,smsin,5.0
1012,0,smsin,5.0
1012,0,smsin,5.0
1012,0,smsin,5.0
1012,0,smsin,5.0
1012,0,smsin,5.0
1012,0,smsin,5.0
1012,0,smsin,5.0
1012,0,smsin,5.0
1012,0,smsin,5.0
1012,0,smsin,5.0
1012,0,smsin,5.0
1012,0,smsin,5.0
1012,0,smsin,5.0
1012,0,smsin,5.0
1017,0,callout,3.5
1017,0,callout,3.5
10000,43,internet,10.0
102,380,callout,3.5
102,380,callout,3.5
1,46,internet,10.0
1,46,internet,10.0
1,46,internet,10.0
1,46,internet,10.0
1002,34,internet,10.0
1000,0,smsin,5.0
1000,0,smsin,5.0
1000,0,smsin,5.0
1000,0,smsin,5.0
1000,0,smsin,5.0
1000,0,smsin,5.0
1000,0,smsin,5.0
1000,0,smsin,5.0
1000,0,smsin,5.0
1000,0,smsin,5.0
1000,0,smsin,5.0
1000,0,smsin,5.0
1000,0,smsin,5.0
1000,0,smsin,5.0
1000,0,smsin,5.0
1000,0,smsin,5.0
1000,0,smsin,5.0
1000,0,smsin,5.0
1000,0,smsin,5.0
1000,0,smsin,5.0
1000,0,smsin,5.0
1000,0,smsin,5.0
1000,0,smsin,5.0
1000,0,smsin,5.0
1000,0,smsin,5.0
1000,0,smsin,5.0
1,33,internet,10.0
1,33,internet,10.0
1013,63,callout,3.5
1014,53,smsin,5.0
101,218,callin,3.5
1008,86,callout,3.5
1019,94,callout,3.5
1,39,callin,3.5
1013,88239,internet,10.0
101,41,smsin,5.0
1016,55,callout,3.5
1011,63,callin,3.5
100,48,callin,3.5
100,48,callin,3.5
100,48,callin,3.5
100,48,callin,3.5
10,48,callin,3.5
102,20,callout,3.5
102,20,callout,3.5
102,20,callout,3.5
1002,41,smsout,5.0
1003,36,internet,10.0
1003,353,internet,10.0
1012,1,smsin,5.0
1012,1,smsin,5.0
102,373,callout,3.5
1000,20,smsin,5.0
1008,353,callin,3.5
1017,63,callin,3.5
1001,20,smsin,5.0
102,212,callin,3.5
1017,880,callout,3.5
101,39,callout,3.5
1006,41,smsin,5.0
1006,41,smsin,5.0
1004,39,smsin,5.0
1004,39,smsin,5.0
1004,39,smsin,5.0
1004,39,smsin,5.0
1004,39,smsin,5.0
1004,39,smsin,5.0
1004,39,smsin,5.0
1004,39,smsin,5.0
1004,39,smsin,5.0
1004,39,smsin,5.0
1004,39,smsin,5.0
1004,39,smsin,5.0
1004,39,smsin,5.0
1004,39,smsin,5.0
1004,39,smsin,5.0
1004,39,smsin,5.0
1004,39,smsin,5.0
1004,39,smsin,5.0
1004,39,smsin,5.0
1004,39,smsin,5.0
1004,39,smsin,5.0
1004,39,smsin,5.0
1004,39,smsin,5.0
1004,39,smsin,5.0
1004,39,smsin,5.0
1004,39,smsin,5.0
1004,39,smsin,5.0
1004,39,smsin,5.0
1004,39,smsin,5.0
1007,41,smsin,5.0
1007,41,smsin,5.0
1016,36,smsout,5.0
1000,92,callout,3.5
1012,44,callin,3.5
1017,44,smsin,5.0
1002,49,internet,10.0
1005,49,internet,10.0
1005,49,internet,10.0
1005,49,internet,10.0
1005,49,internet,10.0
1005,49,internet,10.0
1005,49,internet,10.0
1005,49,internet,10.0
1005,49,internet,10.0
1005,49,internet,10.0
1005,49,internet,10.0
1005,49,internet,10.0
1005,88239,internet,10.0
1005,20,callout,3.5
1005,20,callout,3.5
1017,353,callin,3.5
100,212,smsin,5.0
1008,0,callout,3.5
1019,41,callin,3.5
1018,41,internet,10.0
1016,39,smsout,5.0
1008,420,internet,10.0
10000,375,callout,3.5
102,233,callin,3.5
10000,44,smsin,5.0
1010,0,smsin,5.0
1010,0,smsin,5.0
1010,0,smsin,5.0
1010,0,smsin,5.0
1010,0,smsin,5.0
1010,0,smsin,5.0
1010,0,smsin,5.0
1010,0,smsin,5.0
1010,0,smsin,5.0
1010,0,smsin,5.0
1010,0,smsin,5.0
1010,0,smsin,5.0
1010,0,smsin,5.0
1010,0,smsin,5.0
1010,0,smsin,5.0
1010,0,smsin,5.0
1010,0,smsin,5.0
1010,0,smsin,5.0
1010,0,smsin,5.0
1010,0,smsin,5.0
1010,0,smsin,5.0
1010,0,smsin,5.0
1010,0,smsin,5.0
1010,0,smsin,5.0
1010,0,smsin,5.0
1010,0,smsin,5.0
1013,39,smsin,5.0
1013,39,smsin,5.0
1013,39,smsin,5.0
1013,39,smsin,5.0
1013,39,smsin,5.0
1013,39,smsin,5.0
1013,39,smsin,5.0
1013,39,smsin,5.0
1013,39,smsin,5.0
1013,39,smsin,5.0
1013,39,smsin,5.0
1013,39,smsin,5.0
1013,39,smsin,5.0
1013,39,smsin,5.0
1013,39,smsin,5.0
1013,39,smsin,5.0
1013,39,smsin,5.0
1013,39,smsin,5.0
1013,39,smsin,5.0
1013,39,smsin,5.0
1013,39,smsin,5.0
1013,39,smsin,5.0
1013,39,smsin,5.0
1013,39,smsin,5.0
1013,39,smsin,5.0
1013,39,smsin,5.0
1013,39,smsin,5.0
1013,39,smsin,5.0
1013,39,smsin,5.0
1013,39,smsin,5.0
1013,39,smsin,5.0
1013,39,smsin,5.0
1013,39,smsin,5.0
1013,39,smsin,5.0
1001,7,smsout,5.0
1010,39,smsin,5.0
1010,39,smsin,5.0
1010,39,smsin,5.0
1010,39,smsin,5.0
1010,39,smsin,5.0
1010,39,smsin,5.0
1010,39,smsin,5.0
1010,39,smsin,5.0
1010,39,smsin,5.0
1010,39,smsin,5.0
1010,39,smsin,5.0
1010,39,smsin,5.0
1010,39,smsin,5.0
1010,39,smsin,5.0
1010,39,smsin,5.0
1010,39,smsin,5.0
1010,39,smsin,5.0
1010,39,smsin,5.0
1010,39,smsin,5.0
1010,39,smsin,5.0
1010,39,smsin,5.0
1010,39,smsin,5.0
1010,39,smsin,5.0
1010,39,smsin,5.0
1010,39,smsin,5.0
1010,39,smsin,5.0
1010,39,smsin,5.0
1010,39,smsin,5.0
1010,39,smsin,5.0
1010,39,smsin,5.0
1010,39,smsin,5.0
1010,39,smsin,5.0
1010,39,smsin,5.0
1016,1514,smsout,5.0
100,32,internet,10.0
102,33,smsin,5.0
1008,33,internet,10.0
1008,33,internet,10.0
1016,1,smsin,5.0
1002,46,smsout,5.0
1019,32,internet,10.0
1000,380,smsout,5.0
1006,39,smsout,5.0
1006,39,smsout,5.0
1005,40,callin,3.5
1018,373,smsin,5.0
1006,33,smsin,5.0
1008,234,smsin,5.0
101,48,smsin,5.0
1006,7,callout,3.5
1016,49,internet,10.0
1016,49,internet,10.0
1017,53,smsin,5.0
1010,32,internet,10.0
1008,385,callout,3.5
1008,49,smsin,5.0
1004,44,smsin,5.0
1016,34,callout,3.5
100,48,callout,3.5
1016,36,internet,10.0
1016,36,internet,10.0
1004,40,callout,3.5
1004,40,callout,3.5
1008,47,callin,3.5
1006,32,callin,3.5
1,359,smsin,5.0
1005,53,smsin,5.0
1009,40,callout,3.5
1009,40,callout,3.5
1009,40,callout,3.5
1009,40,callout,3.5
100,91,callout,3.5
1007,0,callout,3.5
1008,0,smsin,5.0
1008,0,smsin,5.0
1008,0,smsin,5.0
1008,0,smsin,5.0
1008,0,smsin,5.0
1008,0,smsin,5.0
1008,0,smsin,5.0
1008,0,smsin,5.0
1008,0,smsin,5.0
1008,0,smsin,5.0
1008,0,smsin,5.0
1008,0,smsin,5.0
1008,0,smsin,5.0
1008,0,smsin,5.0
1008,0,smsin,5.0
1008,0,smsin,5.0
1008,0,smsin,5.0
1008,0,smsin,5.0
1008,0,smsin,5.0
1008,0,smsin,5.0
1008,0,smsin,5.0
1008,0,smsin,5.0
1008,0,smsin,5.0
1008,0,smsin,5.0
1008,0,smsin,5.0
1008,0,smsin,5.0
1008,0,smsin,5.0
1008,0,smsin,5.0
1008,0,smsin,5.0
1008,0,smsin,5.0
1008,0,smsin,5.0
1008,0,smsin,5.0
1000,33,internet,10.0
1000,33,internet,10.0
1000,33,internet,10.0
1000,33,internet,10.0
1000,34,smsin,5.0
100,39,smsout,5.0
1014,44,callin,3.5
1004,32,callin,3.5
1,39,smsin,5.0
1,39,smsin,5.0
1,39,smsin,5.0
1,39,smsin,5.0
1,39,smsin,5.0
1,39,smsin,5.0
1,39,smsin,5.0
1,39,smsin,5.0
1,39,smsin,5.0
1,39,smsin,5.0
1,39,smsin,5.0
1,39,smsin,5.0
1,39,smsin,5.0
1,39,smsin,5.0
1,39,smsin,5.0
1,39,smsin,5.0
1,39,smsin,5.0
1,39,smsin,5.0
1,39,smsin,5.0
1,39,smsin,5.0
1,39,smsin,5.0
1,39,smsin,5.0
1,39,smsin,5.0
1,39,smsin,5.0
1,39,smsin,5.0
1,39,smsin,5.0
1,39,smsin,5.0
1,39,smsin,5.0
1,39,smsin,5.0
1,39,smsin,5.0
1,39,smsin,5.0
1,39,smsin,5.0
1,39,smsin,5.0
1,39,smsin,5.0
1,39,smsin,5.0
10,41,callin,3.5
1003,353,callin,3.5
1005,55,callout,3.5
102,0,smsin,5.0
102,0,smsin,5.0
102,0,smsin,5.0
102,0,smsin,5.0
102,0,smsin,5.0
102,0,smsin,5.0
102,0,smsin,5.0
102,0,smsin,5.0
102,0,smsin,5.0
102,0,smsin,5.0
102,0,smsin,5.0
102,0,smsin,5.0
102,0,smsin,5.0
102,0,smsin,5.0
102,0,smsin,5.0
102,0,smsin,5.0
102,0,smsin,5.0
102,0,smsin,5.0
102,0,smsin,5.0
102,0,smsin,5.0
102,0,smsin,5.0
100,39,callin,3.5
100,39,callin,3.5
1004,88239,internet,10.0
1005,33,internet,10.0
1005,33,internet,10.0
1005,33,internet,10.0
1005,33,internet,10.0
1005,33,internet,10.0
1013,40,callout,3.5
1013,40,callout,3.5
1013,40,callout,3.5
1007,40,callout,3.5
1007,40,callout,3.5
1007,40,callout,3.5
1007,40,callout,3.5
1007,40,callout,3.5
1007,40,callout,3.5
1011,27,smsin,5.0
1000,86,callout,3.5
1004,33,internet,10.0
1004,33,internet,10.0
1004,33,internet,10.0
1002,44,callin,3.5
1013,44,smsin,5.0
1001,39,smsout,5.0
1001,39,smsout,5.0
1001,39,smsout,5.0
1015,32,internet,10.0
1015,46,internet,10.0
1015,46,internet,10.0
1015,46,internet,10.0
1015,46,internet,10.0
1015,46,internet,10.0
1015,46,internet,10.0
1015,46,internet,10.0
1004,32,internet,10.0
10000,41,callout,3.5
1000,46,internet,10.0
1000,46,internet,10.0
100,34,callin,3.5
1008,33,smsin,5.0
10,48,smsin,5.0
10000,32,callin,3.5
100,33,smsin,5.0
100,20,callout,3.5
1006,40,callout,3.5
1006,40,callout,3.5
1006,40,callout,3.5
102,20,callin,3.5
1009,1514,smsout,5.0
1005,40,callout,3.5
1005,40,callout,3.5
1005,40,callout,3.5
1005,40,callout,3.5
1006,49,internet,10.0
1006,49,internet,10.0
1006,49,internet,10.0
1016,32,internet,10.0
100,0,callout,3.5
1016,353,callin,3.5
101,880,callout,3.5
1019,373,smsin,5.0
1003,44,smsin,5.0
1006,353,smsout,5.0
1007,33,callout,3.5
102,40,internet,10.0
1012,39,smsin,5.0
1012,39,smsin,5.0
1012,39,smsin,5.0
1012,39,smsin,5.0
1012,39,smsin,5.0
1012,39,smsin,5.0
1012,39,smsin,5.0
1012,39,smsin,5.0
1012,39,smsin,5.0
1012,39,smsin,5.0
1012,39,smsin,5.0
1012,39,smsin,5.0
1012,39,smsin,5.0
1012,39,smsin,5.0
1012,39,smsin,5.0
1012,39,smsin,5.0
1012,39,smsin,5.0
1012,39,smsin,5.0
1012,39,smsin,5.0
1012,39,smsin,5.0
1012,39,smsin,5.0
1012,39,smsin,5.0
1012,39,smsin,5.0
1012,39,smsin,5.0
1012,39,smsin,5.0
1012,39,smsin,5.0
1012,39,smsin,5.0
1012,39,smsin,5.0
1012,39,smsin,5.0
1012,39,smsin,5.0
1012,39,smsin,5.0
1012,39,smsin,5.0
1012,39,smsin,5.0
1012,39,smsin,5.0
1012,39,smsin,5.0
1003,49,internet,10.0
1002,39,smsout,5.0
1002,39,smsout,5.0
1007,49,internet,10.0
1007,49,internet,10.0
1007,49,internet,10.0
1007,49,internet,10.0
1007,49,internet,10.0
1002,0,smsin,5.0
1002,0,smsin,5.0
1002,0,smsin,5.0
1002,0,smsin,5.0
1002,0,smsin,5.0
1002,0,smsin,5.0
1002,0,smsin,5.0
1002,0,smsin,5.0
1002,0,smsin,5.0
1002,0,smsin,5.0
1002,0,smsin,5.0
1002,0,smsin,5.0
1002,0,smsin,5.0
1002,0,smsin,5.0
1002,0,smsin,5.0
1002,0,smsin,5.0
1002,0,smsin,5.0
1002,0,smsin,5.0
1002,0,smsin,5.0
1002,0,smsin,5.0
1002,0,smsin,5.0
1002,0,smsin,5.0
1002,0,smsin,5.0
1002,0,smsin,5.0
1002,0,smsin,5.0
1002,0,smsin,5.0
1002,0,smsin,5.0
1002,0,smsin,5.0
1002,0,smsin,5.0
1002,0,smsin,5.0
1002,0,smsin,5.0
1002,0,smsin,5.0
1002,0,smsin,5.0
1002,0,smsin,5.0
1000,213,smsin,5.0
1016,44,smsin,5.0
1009,46,internet,10.0
1009,46,internet,10.0
1009,46,internet,10.0
1009,46,internet,10.0
1009,46,internet,10.0
1009,46,internet,10.0
1009,46,internet,10.0
1009,46,internet,10.0
1009,46,internet,10.0
1005,47,internet,10.0
1019,33,internet,10.0
1006,353,smsin,5.0
1016,33,internet,10.0
1016,33,internet,10.0
1016,33,internet,10.0
1016,33,internet,10.0
1016,33,internet,10.0
100,0,smsin,5.0
100,0,smsin,5.0
100,0,smsin,5.0
100,0,smsin,5.0
100,0,smsin,5.0
100,0,smsin,5.0
100,0,smsin,5.0
100,0,smsin,5.0
100,0,smsin,5.0
100,0,smsin,5.0
100,0,smsin,5.0
100,0,smsin,5.0
100,0,smsin,5.0
100,0,smsin,5.0
100,0,smsin,5.0
100,0,smsin,5.0
100,0,smsin,5.0
100,0,smsin,5.0
100,0,smsin,5.0
100,0,smsin,5.0
100,0,smsin,5.0
100,0,smsin,5.0
100,0,smsin,5.0
100,0,smsin,5.0
1008,41,callout,3.5
101,0,callout,3.5
